store_id,CLUSTER,CLUSNAME,VAR1,n,avg
3,1,CL9,4,383,163.91906005
4,1,CL9,5,2082,129.83285303
5,1,CL9,6,124,1487.3951613
6,1,CL9,7,2653,523.92875989
7,1,CL9,8,122,897.62295082
8,1,CL9,9,1153,447.12489159
9,1,CL9,10,13,1520
10,1,CL9,11,7,1301.4285714
12,1,CL9,12,1352,679.97411243
14,1,CL9,14,1057,200.60832545
15,1,CL9,15,272,135
16,1,CL9,16,92,472.06521739
18,1,CL9,17,941,181.92454835
19,1,CL9,18,320,438.78125
20,1,CL9,19,138,188.92753623
21,1,CL9,20,408,141.55392157
25,1,CL9,24,483,252.29813665
26,1,CL9,25,901,580.1054384
27,1,CL9,26,89,1596.3932584
28,1,CL9,27,2733,100.78521771
29,1,CL9,28,124,129.08064516
31,1,CL9,30,19,2000
32,1,CL9,31,2509,125.89278597
35,1,CL9,34,1433,88.41521284
36,1,CL9,35,513,1070.2046784
37,1,CL9,36,741,245.87989204
38,1,CL9,37,624,380.58653846
40,1,CL9,39,1963,93.201732043
41,1,CL9,40,281,134.23487544
42,1,CL9,41,18,170.27777778
43,1,CL9,42,1897,149.8729573
46,1,CL9,45,1060,103.08113208
48,1,CL9,46,26,1051.9230769
49,1,CL9,47,2301,225.07779226
53,1,CL9,51,23,881.30434783
56,1,CL9,54,16,1112.5
57,1,CL9,55,79,1046.7974684
58,1,CL9,56,46,927.2826087
60,1,CL9,58,1412,133.43413598
61,1,CL9,59,2,542.5
62,1,CL9,60,33,179.54545455
63,1,CL9,61,387,107.10335917
67,1,CL9,65,2093,52.160535117
69,1,CL9,67,196,2142.1326531
70,1,CL9,68,843,92.765124555
71,1,CL9,69,2185,102.28787185
72,1,CL9,70,240,146.775
74,1,CL9,72,68,230.39705882
75,1,CL9,73,664,119.85090361
76,1,CL9,74,26,166.23076923
77,1,CL9,75,77,741.55844156
78,1,CL9,76,474,153.21097046
79,1,CL9,77,20,343.25
80,1,CL9,78,1172,135.48208191
81,1,CL9,79,8,413.75
83,1,CL9,81,33,502.27272727
84,1,CL9,82,112,661.8125
86,1,CL9,84,813,188.23739237
87,1,CL9,85,776,536.38530928
89,1,CL9,87,246,335.86178862
90,1,CL9,88,42,135.47619048
91,1,CL9,89,1374,245.75691412
92,1,CL9,90,1612,98.436724566
93,1,CL9,91,64,178.78125
94,1,CL9,92,529,114.37618147
95,1,CL9,93,401,76.321695761
96,1,CL9,94,2012,40.599403579
98,1,CL9,96,1996,32.144789579
99,1,CL9,97,6,1608.3333333
100,1,CL9,98,1218,233.66420361
101,1,CL9,99,8,91.5
102,1,CL9,100,101,245.38613861
103,1,CL9,101,90,245.27777778
106,1,CL9,104,2712,413.99336283
107,1,CL9,105,141,55.468085106
108,1,CL9,106,14,384.64285714
112,1,CL9,110,427,195.15456674
113,1,CL9,111,31,1759.3548387
114,1,CL9,112,639,22.743348983
115,1,CL9,113,1500,32.141333333
116,1,CL9,114,266,354.43233083
117,1,CL9,115,360,178.81944444
119,1,CL9,117,233,319.18454936
120,1,CL9,118,2806,100.83321454
121,1,CL9,119,2550,506.80509804
122,1,CL9,120,18,1674.1666667
124,1,CL9,122,181,1201.9944751
125,1,CL9,123,36,519.58333333
127,1,CL9,125,118,200.46610169
128,1,CL9,126,34,1656.6176471
129,1,CL9,127,788,418.55837563
130,1,CL9,128,35,762.85714286
131,1,CL9,129,479,299.82254697
132,1,CL9,130,198,222.04040404
133,1,CL9,131,48,307.70833333
135,1,CL9,133,571,225.42381786
136,1,CL9,134,13,532.53846154
137,1,CL9,135,1837,97.230266739
138,1,CL9,136,1747,459.61877504
139,1,CL9,137,1103,659.52130553
141,1,CL9,139,167,463.44311377
142,1,CL9,140,387,1745.7105943
143,1,CL9,141,483,384.31469979
144,1,CL9,142,2135,113.41405152
145,1,CL9,143,181,279.94475138
146,1,CL9,144,181,323.93922652
147,1,CL9,145,116,180.68965517
149,1,CL9,147,229,1300.650655
150,1,CL9,148,367,52.814713896
151,1,CL9,149,104,690.67307692
153,1,CL9,151,560,153.03214286
154,1,CL9,152,81,1612.962963
155,1,CL9,153,916,990.45851528
156,1,CL9,154,494,105.18421053
157,1,CL9,155,24,850.41666667
158,1,CL9,156,570,166.50175439
159,1,CL9,157,4,825
160,1,CL9,158,2747,107.26465235
162,1,CL9,160,1117,58.581915846
163,1,CL9,161,2085,48.945323741
164,1,CL9,162,23,20.391304348
168,1,CL9,166,75,132.78666667
169,1,CL9,167,1631,58.8436542
170,1,CL9,168,65,201
171,1,CL9,169,131,1562.5572519
172,1,CL9,170,1442,49.29334258
173,1,CL9,171,2996,147.75901202
174,1,CL9,172,824,168.54126214
176,1,CL9,174,138,949.66666667
177,1,CL9,175,349,215.31805158
178,1,CL9,176,743,102.63257066
179,1,CL9,177,1428,303.62535014
180,1,CL9,178,667,117.17991004
183,1,CL9,181,52,361.15384615
186,1,CL9,184,1442,133.61581137
187,1,CL9,185,637,258.88697017
188,1,CL9,186,2052,117.44590643
189,1,CL9,187,7,764.28571429
190,1,CL9,188,1331,198.04808415
193,1,CL9,191,730,58.935616438
194,1,CL9,192,310,216.52580645
195,1,CL9,193,275,1279.9709091
196,1,CL9,194,2273,86.322481302
197,1,CL9,195,252,308.03968254
198,1,CL9,196,16,1387.1875
199,1,CL9,197,60,224.66666667
200,1,CL9,198,242,157.48760331
201,1,CL9,199,1,400
202,1,CL9,200,411,170.12408759
203,1,CL9,201,249,40.124497992
204,1,CL9,202,1168,118.36900685
205,1,CL9,203,1592,92.023241206
206,1,CL9,204,372,106.59139785
207,1,CL9,205,116,1690.5086207
208,1,CL9,206,2,857
209,1,CL9,207,2035,69.377395577
210,1,CL9,208,216,394.88888889
211,1,CL9,209,269,183.51301115
213,1,CL9,211,26,191.84615385
214,1,CL9,212,733,56.006821282
216,1,CL9,214,738,633.77235772
217,1,CL9,215,1534,142.14276402
218,1,CL9,216,760,143.14078947
219,1,CL9,217,18,507.22222222
220,1,CL9,218,18,413.61111111
222,1,CL9,220,1307,148.020658
223,1,CL9,221,1606,140.94084682
224,1,CL9,222,63,2190.7936508
225,1,CL9,223,30,691.33333333
226,1,CL9,224,30,638.33333333
228,1,CL9,226,401,261.68329177
229,1,CL9,227,57,147.63157895
230,1,CL9,228,56,185.53571429
231,1,CL9,229,910,593.69450549
232,1,CL9,230,407,203.28501229
233,1,CL9,231,12,223.33333333
235,1,CL9,233,245,205.85714286
237,1,CL9,235,29,1584.6551724
238,1,CL9,236,703,240.0455192
241,1,CL9,239,597,210.73366834
242,1,CL9,240,568,166.27464789
243,1,CL9,241,104,232.63461538
244,1,CL9,242,1023,39.156402737
246,1,CL9,244,1070,479.29906542
248,1,CL9,246,26,740.38461538
250,1,CL9,248,240,1400.0416667
252,1,CL9,250,377,39.25729443
253,1,CL9,251,150,166.06666667
254,1,CL9,252,112,178.21428571
256,1,CL9,254,1533,208.83626875
257,1,CL9,255,193,353.86010363
258,1,CL9,256,760,152.74342105
259,1,CL9,257,230,209.04347826
260,1,CL9,258,766,43.834203655
261,1,CL9,259,230,656.30434783
262,1,CL9,260,101,1478.0891089
263,1,CL9,261,30,807.66666667
265,1,CL9,262,414,80.562801932
266,1,CL9,263,66,147.12121212
269,1,CL9,266,1335,181.53333333
270,1,CL9,267,1062,60.994350282
271,1,CL9,268,754,94.787798408
272,1,CL9,269,3,495
273,1,CL9,270,976,244.74385246
274,1,CL9,271,875,74.257142857
275,1,CL9,272,2005,35.889775561
276,1,CL9,273,2611,111.12409039
277,1,CL9,274,1207,163.65865783
280,1,CL9,277,748,162.20721925
281,1,CL9,278,106,656.27358491
282,1,CL9,279,1136,136.41637324
283,1,CL9,280,219,172.49771689
286,1,CL9,283,851,80.884841363
287,1,CL9,284,1156,371.183391
288,1,CL9,285,178,68.820224719
289,1,CL9,286,590,129.70338983
292,1,CL9,289,1174,137.39778535
295,1,CL9,292,8,828.125
296,1,CL9,293,182,1481.8626374
297,1,CL9,294,76,332.89473684
298,1,CL9,295,26,592.92307692
299,1,CL9,296,254,96.051181102
300,1,CL9,297,301,241.41196013
301,1,CL9,298,372,640.27956989
303,1,CL9,300,206,68.223300971
305,1,CL9,302,18,1008.3333333
306,1,CL9,303,62,1059.2741935
307,1,CL9,304,110,270.31818182
308,1,CL9,305,334,85.410179641
311,1,CL9,308,373,214.63806971
312,1,CL9,309,41,1656.7073171
313,1,CL9,310,21,697.14285714
315,1,CL9,312,139,1255.1582734
316,1,CL9,313,13,93.461538462
317,1,CL9,314,250,344.42
318,1,CL9,315,486,224.02263374
319,1,CL9,316,7,422
321,1,CL9,318,94,178.08510638
322,1,CL9,319,37,1193.2432432
324,1,CL9,321,29,1353.4482759
326,1,CL9,323,1465,361.08259386
327,1,CL9,324,1055,385.00663507
328,1,CL9,325,169,87.852071006
329,1,CL9,326,2263,58.893062307
331,1,CL9,328,1260,97.723015873
332,1,CL9,329,130,565.15384615
336,1,CL9,333,95,286.96842105
337,1,CL9,334,702,228.65527066
339,1,CL9,336,258,407.24806202
342,1,CL9,339,373,113.40482574
344,1,CL9,341,75,110.49333333
345,1,CL9,342,1667,85.527294541
346,1,CL9,343,20,951.95
347,1,CL9,344,90,100.5
348,1,CL9,345,655,122.92977099
349,1,CL9,346,738,481.35365854
350,1,CL9,347,4,0
351,1,CL9,348,46,195.04347826
352,1,CL9,349,2079,164.75998076
353,1,CL9,350,61,566.55737705
354,1,CL9,351,158,272.90506329
357,1,CL9,354,1009,45.325074331
358,1,CL9,355,714,133.50140056
359,1,CL9,356,900,328.76555556
360,1,CL9,357,676,580.34023669
361,1,CL9,358,2988,114.33801874
363,1,CL9,360,2062,380.02909796
364,1,CL9,361,39,218.46153846
365,1,CL9,362,930,185.15806452
366,1,CL9,363,1855,180.21239892
368,1,CL9,365,214,104.14953271
369,1,CL9,366,1353,48.011825573
371,1,CL9,368,486,635.67078189
372,1,CL9,369,486,209.15020576
374,1,CL9,371,429,246.5990676
375,1,CL9,372,1595,151.18808777
376,1,CL9,373,32,1406.25
377,1,CL9,374,2557,246.09659758
379,1,CL9,376,601,101.81530782
380,1,CL9,377,1500,325.89
381,1,CL9,378,1684,118.05225653
382,1,CL9,379,2992,199.34592246
383,1,CL9,380,634,157.54731861
386,1,CL9,382,7,264.28571429
387,1,CL9,383,2,435
388,1,CL9,384,1946,285.25899281
391,1,CL9,387,1202,113.7312812
392,1,CL9,388,39,853.07692308
395,1,CL9,391,170,841.14705882
396,1,CL9,392,736,241.60733696
397,1,CL9,393,200,1485.44
398,1,CL9,394,1441,111.41221374
399,1,CL9,395,337,486.23145401
400,1,CL9,396,345,467.31014493
401,1,CL9,397,1725,310.09623188
402,1,CL9,398,746,173.34182306
403,1,CL9,399,239,376.29707113
405,1,CL9,401,1442,72.488210818
406,1,CL9,402,272,102.69117647
407,1,CL9,403,2291,127.47970319
409,1,CL9,405,184,444.64673913
410,1,CL9,406,113,396.23893805
411,1,CL9,407,205,192.25365854
412,1,CL9,408,451,158.38137472
413,1,CL9,409,1258,34.733704293
415,1,CL9,411,2374,84.354254423
416,1,CL9,412,200,259.595
417,1,CL9,413,34,215.02941176
418,1,CL9,414,12,155.08333333
419,1,CL9,415,1598,186.59261577
420,1,CL9,416,2963,120.49746878
421,1,CL9,417,9,658.33333333
422,1,CL9,418,968,240.78409091
426,1,CL9,422,1038,909.60019268
429,1,CL9,425,2180,134.56697248
430,1,CL9,426,367,108.26158038
431,1,CL9,427,1973,274.99391789
432,1,CL9,428,345,149.83188406
434,1,CL9,430,68,132.19117647
436,1,CL9,432,109,237.82568807
437,1,CL9,433,86,688.01162791
438,1,CL9,434,439,123.34851936
439,1,CL9,435,915,74.876502732
441,1,CL9,437,667,179.50224888
442,1,CL9,438,3061,172.54557334
443,1,CL9,439,2305,38.073752711
444,1,CL9,440,388,788.47164948
445,1,CL9,441,515,113.49902913
446,1,CL9,442,359,151.8913649
447,1,CL9,443,362,975.69060773
448,1,CL9,444,54,151.66666667
449,1,CL9,445,410,513.16097561
450,1,CL9,446,496,167.98790323
451,1,CL9,447,2279,124.3413778
453,1,CL9,449,8,1443.75
454,1,CL9,450,10,493.5
455,1,CL9,451,583,759.76329331
456,1,CL9,452,1861,90.559914025
457,1,CL9,453,546,91.386446886
458,1,CL9,454,112,187.99107143
459,1,CL9,455,721,1600.8654646
460,1,CL9,456,30,307.56666667
461,1,CL9,457,120,2067.9166667
463,1,CL9,459,19,664.47368421
464,1,CL9,460,78,1067.4871795
465,1,CL9,461,107,1114.8130841
466,1,CL9,462,1018,338.08939096
467,1,CL9,463,1474,35.597014925
468,1,CL9,464,2,2000
470,1,CL9,466,27,1025.9259259
471,1,CL9,467,104,835.86538462
472,1,CL9,468,1699,102.60035315
473,1,CL9,469,464,148.50862069
475,1,CL9,471,73,334.38356164
476,1,CL9,472,604,1358.7798013
478,1,CL9,474,201,175.62189055
479,1,CL9,475,4,96
480,1,CL9,476,21,1846.9047619
482,1,CL9,477,106,462.23584906
483,1,CL9,478,31,302
484,1,CL9,479,681,166.030837
485,1,CL9,480,142,1819.8380282
487,1,CL9,482,2371,118.42007592
488,1,CL9,483,44,118.65909091
489,1,CL9,484,11,972.27272727
490,1,CL9,485,1472,723.51902174
491,1,CL9,486,549,94.333333333
492,1,CL9,487,2271,753.93747248
493,1,CL9,488,121,1280.8264463
496,1,CL9,491,652,203.95705521
499,1,CL9,494,883,69.133635334
502,1,CL9,497,186,120.00537634
505,1,CL9,500,122,81.106557377
507,1,CL9,502,72,1613.3611111
508,1,CL9,503,2887,197.88084517
509,1,CL9,504,9,1570
511,1,CL9,506,3103,241.87495972
512,1,CL9,507,898,322.27282851
513,1,CL9,508,626,1075.1038339
514,1,CL9,509,497,369.01207243
515,1,CL9,510,91,327.47252747
516,1,CL9,511,209,168.81339713
518,1,CL9,513,2316,168.86658031
519,1,CL9,514,180,2186.2166667
520,1,CL9,515,184,70.961956522
521,1,CL9,516,354,204.64689266
522,1,CL9,517,684,233.60526316
523,1,CL9,518,181,69.464088398
524,1,CL9,519,198,94.378787879
525,1,CL9,520,80,345.3375
527,1,CL9,522,97,422.75257732
529,1,CL9,524,257,953.21400778
530,1,CL9,525,124,307.82258065
531,1,CL9,526,2544,239.63561321
533,1,CL9,528,650,150.03384615
534,1,CL9,529,340,261.51470588
535,1,CL9,530,24,1550
537,1,CL9,532,439,408.46241458
538,1,CL9,533,80,1466.875
540,1,CL9,535,152,1094.4276316
541,1,CL9,536,848,186.0990566
542,1,CL9,537,618,100.24595469
543,1,CL9,538,198,443.86363636
544,1,CL9,539,383,97.229765013
546,1,CL9,541,1165,26.564806867
547,1,CL9,542,859,116.7112922
548,1,CL9,543,15,844.66666667
549,1,CL9,544,1714,56.070011669
550,1,CL9,545,1383,36.966015907
551,1,CL9,546,198,163.82323232
552,1,CL9,547,196,1302.9030612
553,1,CL9,548,306,922.2875817
556,1,CL9,551,1886,113.18345705
559,1,CL9,553,545,113.94495413
560,1,CL9,554,2583,169.82655827
562,1,CL9,556,96,1451.4791667
563,1,CL9,557,93,171.30107527
564,1,CL9,558,2041,364.64821166
565,1,CL9,559,1271,115.23052714
566,1,CL9,560,1703,165.40164416
567,1,CL9,561,140,169.07142857
569,1,CL9,563,2874,93.980862909
570,1,CL9,564,1295,155.94826255
571,1,CL9,565,73,2059.5890411
572,1,CL9,566,2132,85.091932458
573,1,CL9,567,129,448.72093023
574,1,CL9,568,2370,128.90970464
575,1,CL9,569,797,33.499372647
576,1,CL9,570,610,138.20491803
577,1,CL9,571,62,1361.0645161
578,1,CL9,572,8,1225
579,1,CL9,573,1176,232.80272109
580,1,CL9,574,423,584.33806147
581,1,CL9,575,683,105.79062958
582,1,CL9,576,464,242.66594828
583,1,CL9,577,551,739.60980036
585,1,CL9,579,271,2157.398524
586,1,CL9,580,2276,122.54173989
588,1,CL9,582,1913,183.20386827
590,1,CL9,584,396,222.47727273
594,1,CL9,588,30,614.03333333
596,1,CL9,590,1143,321.05511811
598,1,CL9,592,2119,99.121755545
600,1,CL9,594,30,1661.3333333
601,1,CL9,595,5,2090
602,1,CL9,596,229,152.79475983
603,1,CL9,597,308,93.74025974
604,1,CL9,598,26,190.76923077
605,1,CL9,599,69,188.79710145
607,1,CL9,601,2267,167.08292898
608,1,CL9,602,1,5
610,1,CL9,604,570,194.30701754
611,1,CL9,605,164,370.53658537
612,1,CL9,606,191,1203.6649215
614,1,CL9,608,1064,56.607142857
616,1,CL9,610,97,1515.1237113
618,1,CL9,612,357,39.971988796
619,1,CL9,613,1572,136.24300254
620,1,CL9,614,195,1343.2564103
621,1,CL9,615,86,304.29069767
622,1,CL9,616,251,180.34262948
623,1,CL9,617,11,1536.3636364
624,1,CL9,618,396,320.75
625,1,CL9,619,24,450.25
626,1,CL9,620,1417,685.55822159
627,1,CL9,621,218,132.93577982
628,1,CL9,622,16,1236
631,1,CL9,625,353,116.86402266
633,1,CL9,627,33,317.27272727
634,1,CL9,628,74,173.98648649
635,1,CL9,629,2569,113.7878552
636,1,CL9,630,268,123.2761194
638,1,CL9,632,197,44.593908629
639,1,CL9,633,800,59.81125
640,1,CL9,634,345,94.95942029
641,1,CL9,635,13,971.53846154
642,1,CL9,636,28,1958.6785714
643,1,CL9,637,21,1309.5238095
645,1,CL9,639,872,69.542431193
646,1,CL9,640,565,107.86902655
647,1,CL9,641,619,327.40710824
648,1,CL9,642,2019,118.8875681
649,1,CL9,643,894,152.7639821
650,1,CL9,644,81,1108.3209877
652,1,CL9,646,62,511.93548387
653,1,CL9,647,71,569.71830986
654,1,CL9,648,255,678.03921569
655,1,CL9,649,312,150.14423077
656,1,CL9,650,77,1103.4675325
657,1,CL9,651,1,2000
658,1,CL9,652,185,1564.4918919
659,1,CL9,653,769,465.73472042
660,1,CL9,654,691,172.7698987
661,1,CL9,655,279,118.2078853
662,1,CL9,656,87,1178.1609195
663,1,CL9,657,347,207.21902017
664,1,CL9,658,6,169.16666667
665,1,CL9,659,25,1100.2
666,1,CL9,660,89,682.92134831
667,1,CL9,661,231,402.06060606
669,1,CL9,663,30,1191.6666667
670,1,CL9,664,1098,53.452641166
671,1,CL9,665,116,78.922413793
672,1,CL9,666,561,97.889483066
673,1,CL9,667,73,547.94520548
675,1,CL9,669,133,2010
676,1,CL9,670,211,175.33175355
677,1,CL9,671,344,865.79069767
678,1,CL9,672,184,137.42391304
679,1,CL9,673,17,34.705882353
680,1,CL9,674,37,775.08108108
681,1,CL9,675,529,273.45935728
683,1,CL9,677,1093,576.80878317
684,1,CL9,678,75,164.93333333
685,1,CL9,679,2112,86.337594697
686,1,CL9,680,538,232.41078067
687,1,CL9,681,15,152
688,1,CL9,682,17,211.23529412
690,1,CL9,684,110,104.5
692,1,CL9,686,702,233.5
693,1,CL9,687,118,293.1779661
694,1,CL9,688,36,223.88888889
695,1,CL9,689,2387,232.1679933
696,1,CL9,690,500,275.65
698,1,CL9,692,794,339.09949622
699,1,CL9,693,269,280.39033457
701,1,CL9,695,2349,207.84546616
702,1,CL9,696,2027,82.83275777
703,1,CL9,697,1,5
704,1,CL9,698,231,632.68398268
705,1,CL9,699,2641,215.59522908
706,1,CL9,700,911,224.13282108
707,1,CL9,701,890,77
708,1,CL9,702,126,1502.5396825
709,1,CL9,703,742,61.486522911
710,1,CL9,704,19,128.94736842
711,1,CL9,705,301,756.72757475
712,1,CL9,706,973,158.07399794
713,1,CL9,707,194,714.89690722
714,1,CL9,708,45,1703.3333333
716,1,CL9,710,2539,93.593540764
717,1,CL9,711,308,139.93181818
718,1,CL9,712,3,213.33333333
720,1,CL9,714,687,69.991266376
721,1,CL9,715,481,101.24740125
722,1,CL9,716,1176,284.20918367
723,1,CL9,717,1471,276.07138001
724,1,CL9,718,1577,196.84210526
725,1,CL9,719,1173,221.2455243
726,1,CL9,720,1362,221.23421439
727,1,CL9,721,1,500
730,1,CL9,724,1096,212.01277372
731,1,CL9,725,492,159.39837398
732,1,CL9,726,574,336.51219512
733,1,CL9,727,163,191.60122699
734,1,CL9,728,48,87.6875
735,1,CL9,729,30,486.83333333
736,1,CL9,730,583,232.65008576
737,1,CL9,731,189,395.16931217
738,1,CL9,732,194,1913.4793814
739,1,CL9,733,262,538.39694656
740,1,CL9,734,63,558.44444444
741,1,CL9,735,1503,96.653359947
742,1,CL9,736,332,131.47590361
743,1,CL9,737,81,691.97530864
744,1,CL9,738,177,83.90960452
745,1,CL9,739,936,101.28525641
746,1,CL9,740,26,1290.2692308
747,1,CL9,741,649,150.02311248
748,1,CL9,742,116,2137.7155172
749,1,CL9,743,111,2227.3873874
751,1,CL9,745,11,172.45454545
752,1,CL9,746,140,115.78571429
754,1,CL9,748,1330,480.03233083
755,1,CL9,749,1073,102.68219944
756,1,CL9,750,297,282.53198653
757,1,CL9,751,213,112.04225352
758,1,CL9,752,54,282.77777778
759,1,CL9,753,157,344.93630573
760,1,CL9,754,535,376.25420561
761,1,CL9,755,38,385.5
762,1,CL9,756,29,71.068965517
763,1,CL9,757,26,206.73076923
764,1,CL9,758,117,99.58974359
765,1,CL9,759,249,201.40562249
766,1,CL9,760,330,177.9969697
769,1,CL9,762,1781,187.80179674
772,1,CL9,765,2043,103.7875673
773,1,CL9,766,284,337.83450704
774,1,CL9,767,182,477.33516484
776,1,CL9,769,866,207.34180139
777,1,CL9,770,2731,119.91285244
778,1,CL9,771,1248,163.52964744
779,1,CL9,772,58,209.96551724
780,1,CL9,773,395,451.05063291
781,1,CL9,774,694,200.25936599
783,1,CL9,776,879,29.002275313
785,1,CL9,778,544,76.382352941
786,1,CL9,779,33,85.181818182
787,1,CL9,780,358,329.1396648
788,1,CL9,781,609,78.208538588
789,1,CL9,782,23,137.39130435
790,1,CL9,783,1848,51.858766234
791,1,CL9,784,1766,209.78935447
792,1,CL9,785,438,288.35616438
794,1,CL9,787,19,352.63157895
795,1,CL9,788,10,1062.5
796,1,CL9,789,253,255.53359684
797,1,CL9,790,1190,184.7092437
799,1,CL9,792,120,318.10833333
802,1,CL9,795,2394,233.5192147
804,1,CL9,796,268,726.11940299
805,1,CL9,797,158,202.84810127
806,1,CL9,798,380,267.34473684
807,1,CL9,799,1746,38.251431844
808,1,CL9,800,4,68.75
809,1,CL9,801,1309,51.417876241
810,1,CL9,802,1738,2115.938435
811,1,CL9,803,508,108.4980315
812,1,CL9,804,2131,111.98732989
813,1,CL9,805,2850,165.88245614
814,1,CL9,806,26,1478.4615385
815,1,CL9,807,792,180.71338384
816,1,CL9,808,6,156.66666667
817,1,CL9,809,120,203.475
818,1,CL9,810,565,23.527433628
819,1,CL9,811,124,984.46774194
820,1,CL9,812,57,1365.877193
821,1,CL9,813,104,198.63461538
823,1,CL9,815,510,101.34117647
826,1,CL9,818,2,2.5
827,1,CL9,819,115,1959.4347826
829,1,CL9,821,240,833.85416667
830,1,CL9,822,294,175.05102041
831,1,CL9,823,59,296.77966102
832,1,CL9,824,336,316.9047619
833,1,CL9,825,1257,327.41129674
834,1,CL9,826,1644,120.10218978
835,1,CL9,827,371,2259.3126685
836,1,CL9,828,37,351.75675676
837,1,CL9,829,476,600.09453782
838,1,CL9,830,12,251.66666667
839,1,CL9,831,159,1368.3144654
840,1,CL9,832,122,474.31967213
841,1,CL9,833,2505,178.06826347
842,1,CL9,834,150,752.3
843,1,CL9,835,934,121.98929336
844,1,CL9,836,634,39.391167192
845,1,CL9,837,137,16.635036496
849,1,CL9,841,66,364.46969697
850,1,CL9,842,657,44.671232877
851,1,CL9,843,1135,125.45638767
852,1,CL9,844,2938,107.58849558
853,1,CL9,845,794,219.30352645
854,1,CL9,846,142,54.457746479
855,1,CL9,847,1139,96.137840211
856,1,CL9,848,1360,72.030147059
857,1,CL9,849,2834,428.80416373
858,1,CL9,850,52,262.40384615
859,1,CL9,851,4,28.75
861,1,CL9,853,1677,176.02385212
862,1,CL9,854,384,1622.4348958
863,1,CL9,855,1099,199.41310282
864,1,CL9,856,63,167.61904762
865,1,CL9,857,439,146.48974943
866,1,CL9,858,2,0
867,1,CL9,859,900,496.77666667
868,1,CL9,860,709,552.16643159
870,1,CL9,862,713,37.70687237
872,1,CL9,864,732,149.64480874
874,1,CL9,866,26,419.23076923
875,1,CL9,867,4,1920
877,1,CL9,869,263,449.77186312
878,1,CL9,870,202,90.034653465
880,1,CL9,872,66,1868.1060606
881,1,CL9,873,1065,70.048826291
882,1,CL9,874,18,169.44444444
883,1,CL9,875,1234,191.81037277
884,1,CL9,876,1767,108.10073571
885,1,CL9,877,58,1929.2413793
887,1,CL9,879,2699,75.609484994
888,1,CL9,880,259,1084.3127413
889,1,CL9,881,2278,153.5667252
891,1,CL9,883,357,813.47338936
892,1,CL9,884,419,98.661097852
893,1,CL9,885,1271,110.20220299
894,1,CL9,886,1571,193.68300446
895,1,CL9,887,519,40.83044316
896,1,CL9,888,706,770.67280453
897,1,CL9,889,724,126.10497238
899,1,CL9,891,27,716.74074074
900,1,CL9,892,716,203.27513966
902,1,CL9,893,126,685.71428571
903,1,CL9,894,136,762.22058824
904,1,CL9,895,2295,36.925925926
905,1,CL9,896,22,1462.0454545
906,1,CL9,897,19,265.52631579
907,1,CL9,898,2922,27.05338809
908,1,CL9,899,85,71.235294118
909,1,CL9,900,1195,116.10292887
910,1,CL9,901,134,778.17164179
911,1,CL9,902,623,86.760834671
912,1,CL9,903,524,47.849236641
913,1,CL9,904,33,87.333333333
915,1,CL9,906,19,781.15789474
916,1,CL9,907,1584,28.525252525
918,1,CL9,909,550,160.56181818
919,1,CL9,910,28,231.10714286
920,1,CL9,911,2670,129.05318352
921,1,CL9,912,232,83.922413793
924,1,CL9,915,366,1629.6502732
925,1,CL9,916,527,820.92409867
926,1,CL9,917,440,138.64772727
927,1,CL9,918,12,877.5
929,1,CL9,920,834,70.628297362
930,1,CL9,921,969,1689.6109391
931,1,CL9,922,132,41.181818182
932,1,CL9,923,1074,102.04469274
933,1,CL9,924,7,592.85714286
934,1,CL9,925,809,322.8986403
935,1,CL9,926,647,60.964451314
936,1,CL9,927,275,134.10909091
937,1,CL9,928,2672,70.135853293
938,1,CL9,929,1981,842.88036345
939,1,CL9,930,38,1019.8684211
940,1,CL9,931,55,105.81818182
941,1,CL9,932,933,111.17577706
943,1,CL9,934,2142,63.535947712
944,1,CL9,935,352,238.92329545
945,1,CL9,936,2106,147.63437797
947,1,CL9,938,403,59.138957816
948,1,CL9,939,1579,64.981000633
949,1,CL9,940,27,224.33333333
950,1,CL9,941,44,1225.2272727
951,1,CL9,942,1,1500
952,1,CL9,943,49,108
954,1,CL9,945,1718,47.685098952
955,1,CL9,946,496,388.24596774
956,1,CL9,947,2603,321.72493277
957,1,CL9,948,1342,245.50968703
959,1,CL9,950,20,1213.75
960,1,CL9,951,1080,149.36944444
961,1,CL9,952,27,366.96296296
962,1,CL9,953,1109,218.03967538
964,1,CL9,955,163,263.52760736
965,1,CL9,956,162,1268.7592593
966,1,CL9,957,1839,84.604676455
967,1,CL9,958,595,512.12268908
968,1,CL9,959,371,340.08894879
969,1,CL9,960,30,1440
970,1,CL9,961,585,75.109401709
971,1,CL9,962,30,2155.8333333
972,1,CL9,963,45,900.55555556
973,1,CL9,964,432,319.91435185
975,1,CL9,966,177,205.50847458
976,1,CL9,967,579,297.2970639
977,1,CL9,968,53,1743.7735849
979,1,CL9,970,2968,145.54481132
980,1,CL9,971,431,111.40139211
981,1,CL9,972,128,198.4140625
983,1,CL9,974,370,902.24324324
984,1,CL9,975,61,110.19672131
985,1,CL9,976,1325,129.53962264
986,1,CL9,977,2572,198.55326594
987,1,CL9,978,194,356.62371134
988,1,CL9,979,8,0
989,1,CL9,980,201,745.24875622
990,1,CL9,981,869,178.39125432
991,1,CL9,982,1,600
992,1,CL9,983,5,675
993,1,CL9,984,17,903.23529412
995,1,CL9,985,2246,295.5841496
996,1,CL9,986,805,223.42111801
997,1,CL9,987,2947,138.91109603
999,1,CL9,989,452,1078.4026549
1000,1,CL9,990,640,376.609375
1001,1,CL9,991,409,257.44498778
1002,1,CL9,992,2164,299.81192237
1003,1,CL9,993,20,716.5
1004,1,CL9,994,25,239.2
1005,1,CL9,995,2457,323.53968254
1006,1,CL9,996,91,248.9010989
1007,1,CL9,997,253,940.6284585
1008,1,CL9,998,16,119.9375
1010,1,CL9,1000,369,146.62872629
1014,1,CL9,1004,56,183.16071429
1015,1,CL9,1005,2280,200.19385965
1016,1,CL9,1006,391,400.34526854
1018,1,CL9,1008,65,1401.9692308
1019,1,CL9,1009,2968,359.8291779
1020,1,CL9,1010,5,160
1021,1,CL9,1011,1700,80.870588235
1022,1,CL9,1012,524,159.75381679
1025,1,CL9,1015,930,291.48924731
1027,1,CL9,1017,174,1016.4252874
1028,1,CL9,1018,37,408.51351351
1030,1,CL9,1020,113,353.62831858
1031,1,CL9,1021,791,174.67256637
1032,1,CL9,1022,1840,151.33913043
1033,1,CL9,1023,845,258.55029586
1034,1,CL9,1024,332,1143.8493976
1035,1,CL9,1025,2083,142.67306769
1036,1,CL9,1026,163,900.15337423
1037,1,CL9,1027,570,345.54385965
1039,1,CL9,1029,2153,185.5722248
1040,1,CL9,1030,97,154.11340206
1041,1,CL9,1031,1381,214.76249095
1042,1,CL9,1032,346,178.03757225
1043,1,CL9,1033,74,303.05405405
1047,1,CL9,1037,218,293.02752294
1048,1,CL9,1038,2196,124.4931694
1049,1,CL9,1039,272,393.49264706
1050,1,CL9,1040,517,56.390715667
1051,1,CL9,1041,930,22.711827957
1052,1,CL9,1042,818,211.18704156
1054,1,CL9,1044,80,1970.2875
1055,1,CL9,1045,1952,187.37653689
1056,1,CL9,1046,2,500
1058,1,CL9,1048,221,228.32126697
1059,1,CL9,1049,27,556
1061,1,CL9,1051,310,563.09677419
1063,1,CL9,1053,27,1095.3703704
1064,1,CL9,1054,160,167.28125
1066,1,CL9,1056,40,93.55
1067,1,CL9,1057,4,1750
1068,1,CL9,1058,177,337.48587571
1069,1,CL9,1059,634,244.05835962
1070,1,CL9,1060,10,1172.5
1071,1,CL9,1061,85,692.58823529
1072,1,CL9,1062,144,259.23611111
1074,1,CL9,1064,322,253.95341615
1077,1,CL9,1067,134,199.99253731
1078,1,CL9,1068,2493,31.87886081
1081,1,CL9,1070,262,546.87022901
1082,1,CL9,1071,2542,139.37490165
1083,1,CL9,1072,1012,375.85671937
1084,1,CL9,1073,258,192.28294574
1086,1,CL9,1075,57,222.61403509
1087,1,CL9,1076,67,258.50746269
1089,1,CL9,1078,90,242.5
1091,1,CL9,1080,297,214.22895623
1092,1,CL9,1081,2670,265.53745318
1093,1,CL9,1082,1495,277.17190635
1095,1,CL9,1084,1561,43.279948751
1096,1,CL9,1085,705,632.46099291
1097,1,CL9,1086,1910,76.547643979
1098,1,CL9,1087,348,488.87931034
1100,1,CL9,1089,3,241.66666667
1101,1,CL9,1090,654,36.657492355
1102,1,CL9,1091,2853,228.09498773
1104,1,CL9,1093,932,47.68776824
1105,1,CL9,1094,1550,100.84451613
1106,1,CL9,1095,135,596.2
1107,1,CL9,1096,2296,39.924651568
1108,1,CL9,1097,215,906.93953488
1110,1,CL9,1099,715,285.51048951
1111,1,CL9,1100,329,240.5775076
1112,1,CL9,1101,2434,206.29580937
1113,1,CL9,1102,174,125.32183908
1114,1,CL9,1103,1089,152.86042241
1116,1,CL9,1105,3,155
1117,1,CL9,1106,240,487.61666667
1118,1,CL9,1107,326,139.93865031
1119,1,CL9,1108,13,595.30769231
1120,1,CL9,1109,1347,231.4528582
1121,1,CL9,1110,63,52.523809524
1122,1,CL9,1111,603,70.998341625
1123,1,CL9,1112,3,200
1124,1,CL9,1113,1806,577.91196013
1125,1,CL9,1114,1470,467.32380952
1126,1,CL9,1115,616,1155.8587662
1127,1,CL9,1116,343,104.10204082
1128,1,CL9,1117,1337,494.37696335
1130,1,CL9,1119,170,198.54705882
1131,1,CL9,1120,1470,97.785714286
1134,1,CL9,1122,2806,48.407341411
1135,1,CL9,1123,92,1956.8152174
1136,1,CL9,1124,793,232.75157629
1138,1,CL9,1126,33,563.78787879
1139,1,CL9,1127,358,173.31005587
1141,1,CL9,1129,944,194.54978814
1142,1,CL9,1130,13,953.84615385
1144,1,CL9,1132,1039,32.563041386
1145,1,CL9,1133,419,247.14797136
1146,1,CL9,1134,111,330.11711712
1148,1,CL9,1136,1269,92.302600473
1149,1,CL9,1137,328,161.30487805
1151,1,CL9,1139,61,224.3442623
1152,1,CL9,1140,266,88.413533835
1153,1,CL9,1141,1234,426.13452188
1154,1,CL9,1142,246,1069.8861789
1157,1,CL9,1145,202,185.63366337
1158,1,CL9,1146,1582,65.591656131
1159,1,CL9,1147,25,1497.64
1160,1,CL9,1148,1635,394.88440367
1162,1,CL9,1150,1975,36.57721519
1163,1,CL9,1151,110,1048.3636364
1164,1,CL9,1152,159,187.0754717
1165,1,CL9,1153,2249,39.851044909
1166,1,CL9,1154,211,624.90995261
1168,1,CL9,1156,39,1360.2051282
1169,1,CL9,1157,773,474.66752911
1170,1,CL9,1158,14,1485.7142857
1171,1,CL9,1159,1302,147.56758833
1172,1,CL9,1160,488,351.25409836
1173,1,CL9,1161,154,167.18181818
1175,1,CL9,1163,241,84.456431535
1177,1,CL9,1165,434,226.19815668
1178,1,CL9,1166,2589,22.004248745
1179,1,CL9,1167,1173,176.2344416
1181,1,CL9,1169,62,439.43548387
1183,1,CL9,1171,124,1552.766129
1184,1,CL9,1172,1250,142.548
1185,1,CL9,1173,48,781.25
1186,1,CL9,1174,3129,865.73633749
1187,1,CL9,1175,32,166.71875
1188,1,CL9,1176,278,189.42446043
1189,1,CL9,1177,5,62.4
1190,1,CL9,1178,592,179.78885135
1191,1,CL9,1179,131,1247.9160305
1192,1,CL9,1180,323,195.13003096
1193,1,CL9,1181,86,63.034883721
1195,1,CL9,1183,85,144.37647059
1196,1,CL9,1184,334,130.16467066
1197,1,CL9,1185,416,159.65144231
1198,1,CL9,1186,124,1888.9516129
1200,1,CL9,1188,965,127.90051813
1201,1,CL9,1189,617,42.609400324
1202,1,CL9,1190,276,448.14855072
1203,1,CL9,1191,715,246.91328671
1204,1,CL9,1192,1759,226.27345082
1205,1,CL9,1193,240,348.8125
1206,1,CL9,1194,522,249.19348659
1208,1,CL9,1196,286,1624.0384615
1210,1,CL9,1198,194,2027.1907216
1211,1,CL9,1199,653,310.78713629
1212,1,CL9,1200,1439,123.72063933
1213,1,CL9,1201,383,40.289817232
1214,1,CL9,1202,712,259.45646067
1215,1,CL9,1203,43,254.76744186
1217,1,CL9,1204,128,120.78125
1218,1,CL9,1205,140,307.96428571
1219,1,CL9,1206,253,396.94071146
1220,1,CL9,1207,20,745.25
1221,1,CL9,1208,25,1806
1222,1,CL9,1209,47,616.4893617
1223,1,CL9,1210,1414,83.611739745
1224,1,CL9,1211,1423,61.4490513
1225,1,CL9,1212,249,787.00803213
1226,1,CL9,1213,218,162.47247706
1227,1,CL9,1214,222,554.03153153
1228,1,CL9,1215,1080,217.7962963
1229,1,CL9,1216,256,1073.9921875
1230,1,CL9,1217,1452,170.61294766
1232,1,CL9,1219,301,313.43853821
1233,1,CL9,1220,8,1084.375
1234,1,CL9,1221,113,1857.3539823
1235,1,CL9,1222,2367,66.790874525
1238,1,CL9,1225,1909,46.922996333
1239,1,CL9,1226,21,125.33333333
1241,1,CL9,1228,492,289.45528455
1242,1,CL9,1229,123,649.75609756
1243,1,CL9,1230,14,197.92857143
1245,1,CL9,1232,2992,104.29378342
1246,1,CL9,1233,1403,62.577334284
1247,1,CL9,1234,1546,113.00323415
1248,1,CL9,1235,752,188.9375
1249,1,CL9,1236,39,244.92307692
1250,1,CL9,1237,203,250.41871921
1251,1,CL9,1238,305,155.54098361
1252,1,CL9,1239,1126,150.80728242
1255,1,CL9,1241,1245,188.65060241
1257,1,CL9,1243,91,118.84615385
1258,1,CL9,1244,24,434.58333333
1259,1,CL9,1245,64,759.375
1260,1,CL9,1246,2488,115.11454984
1261,1,CL9,1247,480,615.17708333
1262,1,CL9,1248,2082,139.11575408
1263,1,CL9,1249,1,1485
1264,1,CL9,1250,40,2155
1265,1,CL9,1251,165,103.52121212
1266,1,CL9,1252,2636,144.60356601
1267,1,CL9,1253,483,243.97308489
1268,1,CL9,1254,813,80.442804428
1270,1,CL9,1256,310,439.40967742
1271,1,CL9,1257,18,1216.6666667
1272,1,CL9,1258,55,85.636363636
1274,1,CL9,1260,335,846.79701493
1275,1,CL9,1261,25,1728.2
1278,1,CL9,1264,40,1544.625
1280,1,CL9,1266,414,1487.8043478
1282,1,CL9,1268,1518,345.21673254
1283,1,CL9,1269,14,667.85714286
1284,1,CL9,1270,2014,116.50695134
1285,1,CL9,1271,10,587.5
1286,1,CL9,1272,2236,23.411449016
1287,1,CL9,1273,58,525.43103448
1288,1,CL9,1274,422,85.426540284
1289,1,CL9,1275,250,1750.408
1290,1,CL9,1276,163,201.74846626
1291,1,CL9,1277,50,630
1292,1,CL9,1278,3,20
1293,1,CL9,1279,137,1419.4817518
1294,1,CL9,1280,903,241.87707641
1295,1,CL9,1281,1697,530.63347083
1296,1,CL9,1282,11,146.81818182
1297,1,CL9,1283,659,108.74962064
1298,1,CL9,1284,19,1351.8421053
1299,1,CL9,1285,2501,99.742103159
1300,1,CL9,1286,744,183.71908602
1301,1,CL9,1287,64,551.234375
1302,1,CL9,1288,326,301.04907975
1303,1,CL9,1289,114,70.245614035
1304,1,CL9,1290,88,220.81818182
1305,1,CL9,1291,118,86.144067797
1306,1,CL9,1292,893,225.81522956
1308,1,CL9,1293,860,550.91046512
1309,1,CL9,1294,2474,115.83589329
1310,1,CL9,1295,136,1128.3455882
1311,1,CL9,1296,26,875.76923077
1312,1,CL9,1297,1060,406.57830189
1313,1,CL9,1298,1043,279.90699904
1315,1,CL9,1300,1334,261.31334333
1316,1,CL9,1301,2223,307.88349078
1317,1,CL9,1302,1159,133.84814495
1318,1,CL9,1303,505,230.53465347
1319,1,CL9,1304,202,96.54950495
1320,1,CL9,1305,213,630.87793427
1322,1,CL9,1307,936,172.44017094
1324,1,CL9,1309,2857,149.97759888
1325,1,CL9,1310,557,215.46499102
1327,1,CL9,1312,578,62.024221453
1328,1,CL9,1313,1191,220.18807725
1329,1,CL9,1314,278,1250.2913669
1330,1,CL9,1315,6,1500
1331,1,CL9,1316,466,339.07725322
1332,1,CL9,1317,236,957.94491525
1333,1,CL9,1318,170,843.05882353
1334,1,CL9,1319,302,149.8807947
1337,1,CL9,1322,2711,129.28476577
1338,1,CL9,1323,338,259.54142012
1339,1,CL9,1324,881,195.1645857
1340,1,CL9,1325,52,155.11538462
1343,1,CL9,1328,2806,58.873841768
1346,1,CL9,1331,615,234.0699187
1347,1,CL9,1332,1237,111.26434923
1349,1,CL9,1334,231,611.66666667
1351,1,CL9,1336,1538,209.04811443
1352,1,CL9,1337,589,154.59083192
1353,1,CL9,1338,45,707.66666667
1357,1,CL9,1342,1105,218.64162896
1358,1,CL9,1343,493,380.95537525
1359,1,CL9,1344,116,751.25
1360,1,CL9,1345,2017,156.58254834
1362,1,CL9,1347,1558,45.510911425
1364,1,CL9,1349,1967,90.762582613
1365,1,CL9,1350,59,368.30508475
1367,1,CL9,1352,106,777.16981132
1368,1,CL9,1353,1030,332.80291262
1370,1,CL9,1354,32,617
1371,1,CL9,1355,17,715.76470588
1373,1,CL9,1357,2129,200.10192579
1374,1,CL9,1358,438,253.18493151
1375,1,CL9,1359,127,1319.9055118
1376,1,CL9,1360,91,567.8021978
1377,1,CL9,1361,6,1544.1666667
1378,1,CL9,1362,507,96.678500986
1381,1,CL9,1365,52,1647.1153846
1382,1,CL9,1366,23,154.34782609
1383,1,CL9,1367,914,244.55579869
1384,1,CL9,1368,1242,118.45008052
1385,1,CL9,1369,119,113.27731092
1387,1,CL9,1371,2182,226.37030247
1388,1,CL9,1372,3,1733.3333333
1389,1,CL9,1373,1674,87.952807646
1391,1,CL9,1375,42,1263.2619048
1393,1,CL9,1377,136,1770.2205882
1394,1,CL9,1378,667,152.65817091
1395,1,CL9,1379,2338,63.523096664
1397,1,CL9,1381,133,107.72932331
1398,1,CL9,1382,67,336.26865672
1399,1,CL9,1383,34,225.97058824
1400,1,CL9,1384,1857,254.34787291
1401,1,CL9,1385,61,260.08196721
1402,1,CL9,1386,1457,148.60809883
1403,1,CL9,1387,1058,593.99621928
1404,1,CL9,1388,49,143.46938776
1405,1,CL9,1389,179,71.659217877
1407,1,CL9,1391,486,1634.8251029
1408,1,CL9,1392,507,142.5877712
1409,1,CL9,1393,353,199.84419263
1411,1,CL9,1395,566,562.47349823
1413,1,CL9,1397,612,139.79575163
1414,1,CL9,1398,602,126.27906977
1415,1,CL9,1399,303,565.85808581
1416,1,CL9,1400,193,198.39378238
1419,1,CL9,1403,2058,224.98104956
1420,1,CL9,1404,1568,199.57716837
1421,1,CL9,1405,413,334.23728814
1422,1,CL9,1406,469,81.940298507
1423,1,CL9,1407,554,171.77617329
1424,1,CL9,1408,2388,297.78852596
1425,1,CL9,1409,279,48.290322581
1426,1,CL9,1410,2598,83.44495766
1427,1,CL9,1411,1657,219.68617984
1428,1,CL9,1412,1658,30.92159228
1429,1,CL9,1413,722,63.232686981
1430,1,CL9,1414,31,118.38709677
1431,1,CL9,1415,1043,34.216682646
1432,1,CL9,1416,1004,185.63247012
1433,1,CL9,1417,1868,185.45770878
1434,1,CL9,1418,555,575.38738739
1435,1,CL9,1419,505,109.41584158
1436,1,CL9,1420,358,138.76815642
1437,1,CL9,1421,1289,146.05896043
1438,1,CL9,1422,1915,132.91227154
1439,1,CL9,1423,5,99
1441,1,CL9,1425,486,144.44855967
1442,1,CL9,1426,186,1423.0268817
1443,1,CL9,1427,2033,158.71962617
1444,1,CL9,1428,375,145.008
1445,1,CL9,1429,2460,84.519918699
1447,1,CL9,1431,323,154.88544892
1448,1,CL9,1432,32,782.34375
1449,1,CL9,1433,2361,300.36467598
1450,1,CL9,1434,176,227.55681818
1452,1,CL9,1436,251,176.05577689
1453,1,CL9,1437,1204,70.032392027
1454,1,CL9,1438,748,156.79278075
1455,1,CL9,1439,505,246.00990099
1456,1,CL9,1440,165,198.80606061
1457,1,CL9,1441,631,91.843106181
1458,1,CL9,1442,110,364.2
1459,1,CL9,1443,1547,100.83128636
1460,1,CL9,1444,588,282.32993197
1461,1,CL9,1445,426,146.97183099
1462,1,CL9,1446,143,704.02097902
1463,1,CL9,1447,991,37.217961655
1465,1,CL9,1449,1270,96.964566929
1467,1,CL9,1451,65,1196.8615385
1468,1,CL9,1452,1110,190.1981982
1469,1,CL9,1453,50,246.4
1470,1,CL9,1454,643,410.0622084
1471,1,CL9,1455,704,978.10085227
1472,1,CL9,1456,960,341.63125
1474,1,CL9,1458,2954,134.82261341
1475,1,CL9,1459,446,240.31165919
1476,1,CL9,1460,132,890.49242424
1478,1,CL9,1462,569,1086.1950791
1480,1,CL9,1464,123,870.78861789
1481,1,CL9,1465,596,208.26006711
1483,1,CL9,1467,51,587.94117647
1486,1,CL9,1470,9,676.66666667
1488,1,CL9,1472,455,323.2021978
1489,1,CL9,1473,326,288.43558282
1490,1,CL9,1474,3,949.33333333
1491,1,CL9,1475,45,472.22222222
1492,1,CL9,1476,1856,87.191810345
1493,1,CL9,1477,127,912.63779528
1496,1,CL9,1480,106,868.63207547
1498,1,CL9,1482,16,284.6875
1499,1,CL9,1483,297,926.51515152
1500,1,CL9,1484,485,262.30927835
1502,1,CL9,1486,567,191.59964727
1503,1,CL9,1487,33,562.12121212
1505,1,CL9,1489,595,124.08739496
1506,1,CL9,1490,1840,34.769021739
1508,1,CL9,1492,1053,105.49002849
1510,1,CL9,1494,2605,144.24606526
1511,1,CL9,1495,254,1285.5314961
1513,1,CL9,1497,20,709.5
1514,1,CL9,1498,344,111.51162791
1515,1,CL9,1499,262,722.55725191
1516,1,CL9,1500,217,1031.2304147
1518,1,CL9,1501,637,711.6389325
1519,1,CL9,1502,46,1039.5
1520,1,CL9,1503,350,107.77428571
1521,1,CL9,1504,697,197.22238164
1522,1,CL9,1505,759,26.916996047
1524,1,CL9,1507,6,991.66666667
1525,1,CL9,1508,16,1794.8125
1527,1,CL9,1510,546,297.00915751
1528,1,CL9,1511,2867,124.0003488
1529,1,CL9,1512,1056,348.92897727
1531,1,CL9,1514,714,198.85994398
1532,1,CL9,1515,2715,121.63609576
1533,1,CL9,1516,473,312.84566596
1537,1,CL9,1519,20,234.45
1538,1,CL9,1520,379,112.13192612
1540,1,CL9,1522,1192,146.95385906
1542,1,CL9,1523,2616,107.46636086
1543,1,CL9,1524,18,667.16666667
1545,1,CL9,1525,1885,304.25464191
1546,1,CL9,1526,1600,71.3925
1547,1,CL9,1527,247,226.23481781
1549,1,CL9,1529,21,454.04761905
1550,1,CL9,1530,666,163.87687688
1552,1,CL9,1532,1944,250.41975309
1554,1,CL9,1534,66,136.21212121
1555,1,CL9,1535,343,181.38483965
1556,1,CL9,1536,917,322.30098146
1557,1,CL9,1537,24,696.875
1558,1,CL9,1538,127,625.51181102
1559,1,CL9,1539,135,95.696296296
1560,1,CL9,1540,819,81.815628816
1562,1,CL9,1542,762,160.76377953
1564,1,CL9,1544,4,90
1565,1,CL9,1545,794,230.72544081
1568,1,CL9,1548,2,45
1569,1,CL9,1549,18,2242.8888889
1570,1,CL9,1550,13,401.15384615
1571,1,CL9,1551,1070,257.20654206
1572,1,CL9,1552,317,239.84542587
1573,1,CL9,1553,379,158.36939314
1574,1,CL9,1554,3115,208.88346709
1578,1,CL9,1557,2299,97.185297956
1580,1,CL9,1559,30,1187.5666667
1581,1,CL9,1560,52,66.442307692
1583,1,CL9,1561,248,171.6733871
1584,1,CL9,1562,70,182.17142857
1585,1,CL9,1563,1493,144.40991293
1586,1,CL9,1564,850,675.87058824
1587,1,CL9,1565,114,93.596491228
1588,1,CL9,1566,669,342.53064275
1589,1,CL9,1567,435,294.30574713
1590,1,CL9,1568,109,57.733944954
1591,1,CL9,1569,43,335.74418605
1593,1,CL9,1571,654,33.259938838
1594,1,CL9,1572,2560,372.42460938
1595,1,CL9,1573,2064,182.41715116
1596,1,CL9,1574,15,865.73333333
1597,1,CL9,1575,1786,282.1556551
1598,1,CL9,1576,914,191.25164114
1599,1,CL9,1577,961,185.58272633
1601,1,CL9,1579,4,266.25
1603,1,CL9,1581,96,51.71875
1604,1,CL9,1582,1264,419.8568038
1607,1,CL9,1585,12,1427.9166667
1609,1,CL9,1587,46,365.76086957
1610,1,CL9,1588,3,75
1611,1,CL9,1589,390,187.00769231
1612,1,CL9,1590,98,168.43877551
1613,1,CL9,1591,107,93.990654206
1614,1,CL9,1592,30,1990
1615,1,CL9,1593,479,237.30688935
1617,1,CL9,1595,14,60.714285714
1618,1,CL9,1596,48,1463.5416667
1619,1,CL9,1597,658,84.534954407
1620,1,CL9,1598,33,713.33333333
1622,1,CL9,1600,104,491.84615385
1623,1,CL9,1601,35,1070.8571429
1624,1,CL9,1602,9,1286.3333333
1627,1,CL9,1605,2068,155.25773694
1628,1,CL9,1606,620,138.5016129
1630,1,CL9,1608,595,81.682352941
1631,1,CL9,1609,1135,153.56211454
1632,1,CL9,1610,165,618.6969697
1633,1,CL9,1611,449,114.87082405
1634,1,CL9,1612,26,815.38461538
1635,1,CL9,1613,486,161.49176955
1636,1,CL9,1614,1936,86
1637,1,CL9,1615,20,1506.2
1638,1,CL9,1616,89,1657.9662921
1639,1,CL9,1617,43,650.11627907
1640,1,CL9,1618,241,427.34439834
1641,1,CL9,1619,284,153.52464789
1642,1,CL9,1620,421,99.93111639
1643,1,CL9,1621,335,274.49253731
1644,1,CL9,1622,321,111.9470405
1645,1,CL9,1623,60,113.25
1646,1,CL9,1624,11,412.72727273
1647,1,CL9,1625,961,209.57752341
1648,1,CL9,1626,26,234.42307692
1651,1,CL9,1628,889,917.2632171
1652,1,CL9,1629,905,306.16353591
1653,1,CL9,1630,211,178.31753555
1654,1,CL9,1631,982,29.782077393
1656,1,CL9,1633,326,236.47852761
1659,1,CL9,1636,14,734.92857143
1660,1,CL9,1637,461,695.19088937
1661,1,CL9,1638,116,169.26724138
1662,1,CL9,1639,1387,46.183850036
1664,1,CL9,1641,158,457.78481013
1665,1,CL9,1642,273,83.996336996
1666,1,CL9,1643,978,125.28527607
1668,1,CL9,1645,236,571.77966102
1671,1,CL9,1648,9,977.77777778
1672,1,CL9,1649,55,1705.9090909
1673,1,CL9,1650,439,68.997722096
1674,1,CL9,1651,1233,216.03487429
1675,1,CL9,1652,2446,104.9893704
1679,1,CL9,1656,64,1062.5
1680,1,CL9,1657,642,145.32554517
1682,1,CL9,1658,2565,36.952826511
1683,1,CL9,1659,1739,359.00517539
1686,1,CL9,1662,30,87.666666667
1687,1,CL9,1663,994,227.69215292
1688,1,CL9,1664,262,1006.4885496
1691,1,CL9,1667,1057,493.8628193
1694,1,CL9,1670,683,259.41581259
1696,1,CL9,1672,1299,236.06466513
1697,1,CL9,1673,2446,141.34873262
1698,1,CL9,1674,453,45.863134658
1699,1,CL9,1675,452,43.068584071
1702,1,CL9,1678,121,2116.322314
1703,1,CL9,1679,1652,93.193099274
1704,1,CL9,1680,287,115.7804878
1706,1,CL9,1682,837,219.27359618
1707,1,CL9,1683,1154,119.29809359
1708,1,CL9,1684,502,174.33665339
1709,1,CL9,1685,1315,95.800760456
1710,1,CL9,1686,353,449.64589235
1711,1,CL9,1687,432,331.2962963
1712,1,CL9,1688,49,2050.4081633
1713,1,CL9,1689,166,385.76506024
1715,1,CL9,1691,107,93.177570093
1717,1,CL9,1693,540,178.1037037
1719,1,CL9,1695,1736,232.21140553
1720,1,CL9,1696,54,20.185185185
1721,1,CL9,1697,142,152.84507042
1722,1,CL9,1698,199,144.22613065
1723,1,CL9,1699,33,645
1724,1,CL9,1700,396,118.43686869
1725,1,CL9,1701,507,1074.6568047
1726,1,CL9,1702,612,241.97712418
1727,1,CL9,1703,54,416.48148148
1728,1,CL9,1704,285,49.126315789
1729,1,CL9,1705,107,45.018691589
1730,1,CL9,1706,1245,186.28433735
1732,1,CL9,1708,573,140.12390925
1733,1,CL9,1709,154,63.25974026
1737,1,CL9,1713,66,395.60606061
1739,1,CL9,1715,1330,462.89924812
1741,1,CL9,1717,314,175.91082803
1742,1,CL9,1718,2072,122.41505792
1743,1,CL9,1719,419,288.04534606
1744,1,CL9,1720,246,140.44308943
1745,1,CL9,1721,573,235.45375218
1746,1,CL9,1722,745,200.12348993
1747,1,CL9,1723,626,95.431309904
1749,1,CL9,1725,1246,82.813804173
1750,1,CL9,1726,9,502.77777778
1751,1,CL9,1727,1413,112.25336164
1752,1,CL9,1728,1670,87.117365269
1754,1,CL9,1730,271,318.09225092
1755,1,CL9,1731,332,448.55421687
1756,1,CL9,1732,359,57.144846797
1757,1,CL9,1733,28,1696.4285714
1758,1,CL9,1734,1928,64.213174274
1759,1,CL9,1735,325,575.30769231
1761,1,CL9,1737,34,341.02941176
1762,1,CL9,1738,9,386.11111111
1763,1,CL9,1739,1787,40.613318411
1764,1,CL9,1740,273,336.1978022
1766,1,CL9,1742,431,241.73781903
1767,1,CL9,1743,2258,100.07307352
1769,1,CL9,1745,1551,614.73243069
1773,1,CL9,1749,52,1071.5384615
1774,1,CL9,1750,38,290.26315789
1775,1,CL9,1751,109,419.90825688
1776,1,CL9,1752,16,271.3125
1777,1,CL9,1753,115,306.66956522
1778,1,CL9,1754,2551,96.659349275
1779,1,CL9,1755,1499,192.66444296
1780,1,CL9,1756,264,206.35606061
1781,1,CL9,1757,718,116.47771588
1782,1,CL9,1758,1309,170.0473644
1784,1,CL9,1760,128,980.3125
1785,1,CL9,1761,594,57.567340067
1787,1,CL9,1763,62,80.35483871
1788,1,CL9,1764,800,470.57625
1789,1,CL9,1765,26,397
1790,1,CL9,1766,1609,691.5083903
1792,1,CL9,1768,28,1659.75
1794,1,CL9,1770,454,1185.8237885
1796,1,CL9,1772,111,138.48648649
1797,1,CL9,1773,82,605.42682927
1798,1,CL9,1774,2898,37.961007591
1799,1,CL9,1775,437,441.53546911
13,2,CL7,13,4114,141.05323286
22,2,CL7,21,7134,134.54597701
23,2,CL7,22,9847,23.887275312
24,2,CL7,23,6765,22.988322247
30,2,CL7,29,3268,82.982252142
33,2,CL7,32,3129,108.23170342
34,2,CL7,33,11337,33.835935433
39,2,CL7,38,5176,108.50289799
45,2,CL7,44,7928,128.16157921
50,2,CL7,48,3291,297.73898511
51,2,CL7,49,6103,26.917909225
52,2,CL7,50,7502,288.12303386
55,2,CL7,53,5488,122.27131924
59,2,CL7,57,8876,25.104664263
64,2,CL7,62,4248,96.910310734
66,2,CL7,64,3676,60.798422198
68,2,CL7,66,10646,35.275784332
73,2,CL7,71,3102,24.42972276
82,2,CL7,80,6148,24.304977228
88,2,CL7,86,4183,97.125747071
97,2,CL7,95,5312,57.663968373
104,2,CL7,102,13325,220.12135084
109,2,CL7,107,12737,79.256653843
110,2,CL7,108,5041,169.77226741
111,2,CL7,109,3348,181.12634409
118,2,CL7,116,3517,84.346033551
123,2,CL7,121,5742,102.26454197
134,2,CL7,132,7985,21.497307451
140,2,CL7,138,3344,119.30113636
148,2,CL7,146,3820,20.312565445
165,2,CL7,163,10620,26.034651601
166,2,CL7,164,4058,98.139477575
167,2,CL7,165,8655,57.355979203
175,2,CL7,173,4686,85.605847204
181,2,CL7,179,10999,89.665333212
182,2,CL7,180,4531,31.324652395
184,2,CL7,182,9780,26.356543967
185,2,CL7,183,9011,196.60159805
191,2,CL7,189,3209,107.27859146
212,2,CL7,210,4757,43.720622241
215,2,CL7,213,4497,96.550366911
227,2,CL7,225,3839,43.976035426
239,2,CL7,237,5360,135.04477612
240,2,CL7,238,3963,127.37370679
245,2,CL7,243,7187,71.545150967
247,2,CL7,245,8638,49.471984256
249,2,CL7,247,3422,209.10549386
267,2,CL7,264,4340,21.765898618
268,2,CL7,265,8293,88.45773544
278,2,CL7,275,5973,101.60572577
284,2,CL7,281,5111,101.89610644
290,2,CL7,287,8265,45.533333333
294,2,CL7,291,10475,145.68821002
302,2,CL7,299,11591,37.228798206
309,2,CL7,306,8235,32.189921069
310,2,CL7,307,3737,206.93497458
314,2,CL7,311,3458,441.6064199
325,2,CL7,322,3578,206.70262717
333,2,CL7,330,5034,210.57707588
335,2,CL7,332,11263,48.078842227
338,2,CL7,335,4236,132.66147309
341,2,CL7,338,7061,72.713496672
343,2,CL7,340,4995,88.867667668
355,2,CL7,352,10563,32.447884124
362,2,CL7,359,5675,64.651982379
367,2,CL7,364,3314,110.02414001
373,2,CL7,370,14019,27.401669163
378,2,CL7,375,4084,110.27350637
384,2,CL7,381,5707,221.75608901
390,2,CL7,386,5935,62.676495366
393,2,CL7,389,8405,332.86067817
394,2,CL7,390,10350,69.337487923
404,2,CL7,400,5358,24.712392684
408,2,CL7,404,3802,43.796685955
414,2,CL7,410,6349,426.64183336
423,2,CL7,419,9002,128.48966896
424,2,CL7,420,3481,110.0350474
425,2,CL7,421,4094,74.56839277
440,2,CL7,436,4430,151.26794582
452,2,CL7,448,3263,105.65828992
462,2,CL7,458,4459,117.25072886
469,2,CL7,465,11100,30.244054054
474,2,CL7,470,12036,20.093386507
477,2,CL7,473,4131,352.59985476
486,2,CL7,481,7156,452.13555059
494,2,CL7,489,7409,74.868808206
498,2,CL7,493,13827,50.395964417
500,2,CL7,495,4251,117.53069866
503,2,CL7,498,3327,115.81033965
504,2,CL7,499,6158,23.205099058
510,2,CL7,505,5995,81.415679733
517,2,CL7,512,3955,95.756005057
532,2,CL7,527,3424,279.47283879
539,2,CL7,534,5765,20.682567216
545,2,CL7,540,7639,28.815289959
554,2,CL7,549,7420,22.764555256
558,2,CL7,552,3434,135.51310425
561,2,CL7,555,4037,133.50111469
568,2,CL7,562,7745,68.081471917
587,2,CL7,581,5347,152.71105293
589,2,CL7,583,3649,149.76596328
591,2,CL7,585,6494,252.52802587
593,2,CL7,587,5274,86.537732272
595,2,CL7,589,3919,45.747639704
597,2,CL7,591,13689,219.0941632
606,2,CL7,600,14604,36.981306491
613,2,CL7,607,4952,170.04664782
615,2,CL7,609,5815,30.885296647
629,2,CL7,623,4070,79.178869779
630,2,CL7,624,6546,29.086923312
637,2,CL7,631,4497,96.704914387
644,2,CL7,638,7298,17.157303371
651,2,CL7,645,7005,18.938187009
668,2,CL7,662,3884,129.91246138
674,2,CL7,668,3998,23.14032016
691,2,CL7,685,5874,162.44296902
697,2,CL7,691,7634,183.86193346
700,2,CL7,694,4635,43.954692557
719,2,CL7,713,8661,128.24362083
729,2,CL7,723,4573,62.738246228
750,2,CL7,744,4297,271.80730742
775,2,CL7,768,6270,75.717065391
782,2,CL7,775,4321,317.04443416
784,2,CL7,777,3966,27.291477559
798,2,CL7,791,4420,104.11561086
801,2,CL7,794,3885,144.46023166
822,2,CL7,814,13886,77.261702434
824,2,CL7,816,3263,47.840330984
825,2,CL7,817,3692,51.806338028
828,2,CL7,820,6392,77.694774718
848,2,CL7,840,3213,75.11826953
869,2,CL7,861,5619,50.174764193
873,2,CL7,865,7117,311.22214416
886,2,CL7,878,4105,97.666504263
890,2,CL7,882,4858,197.99382462
898,2,CL7,890,6458,158.27392382
914,2,CL7,905,3712,152.96578664
922,2,CL7,913,3338,144.24026363
923,2,CL7,914,5713,18.539996499
928,2,CL7,919,4796,100.38657214
946,2,CL7,937,6695,30.104107543
953,2,CL7,944,4622,165.34768498
958,2,CL7,949,7810,635.81664533
963,2,CL7,954,6305,53.588580492
978,2,CL7,969,3196,102.92834793
998,2,CL7,988,7272,108.74614961
1011,2,CL7,1001,11669,78.085011569
1012,2,CL7,1002,3979,358.87886404
1013,2,CL7,1003,5539,101.95179635
1017,2,CL7,1007,5027,81.038193754
1023,2,CL7,1013,4057,240.29381316
1026,2,CL7,1016,6242,131.88353092
1029,2,CL7,1019,5103,140.69312169
1046,2,CL7,1036,3645,63.094101509
1060,2,CL7,1050,7403,93.114007835
1062,2,CL7,1052,10588,208.18945977
1065,2,CL7,1055,3020,89.839735099
1073,2,CL7,1063,11896,67.386768662
1075,2,CL7,1065,3678,45.254214247
1076,2,CL7,1066,11700,415.46025641
1080,2,CL7,1069,12566,18.567642846
1088,2,CL7,1077,13820,53.009985528
1090,2,CL7,1079,3822,350.42307692
1094,2,CL7,1083,4621,204.14563947
1099,2,CL7,1088,7573,57.953915225
1103,2,CL7,1092,3491,120.8693784
1109,2,CL7,1098,12038,108.70659578
1132,2,CL7,1121,9162,170.36585898
1137,2,CL7,1125,6684,155.87312986
1140,2,CL7,1128,4271,132.24069305
1147,2,CL7,1135,6999,45.606658094
1150,2,CL7,1138,3262,31.152973636
1155,2,CL7,1143,6304,132.43115482
1167,2,CL7,1155,5620,141.88523132
1174,2,CL7,1162,6231,353.39319531
1176,2,CL7,1164,8927,105.47014675
1180,2,CL7,1168,3355,263.68733234
1182,2,CL7,1170,11798,28.89464316
1194,2,CL7,1182,6026,283.54497179
1199,2,CL7,1187,3672,415.15495643
1207,2,CL7,1195,5655,39.770645447
1236,2,CL7,1223,7441,245.55906464
1237,2,CL7,1224,7354,53.019989122
1240,2,CL7,1227,3105,106.50144928
1244,2,CL7,1231,15700,47.440382166
1256,2,CL7,1242,4950,119.91858586
1277,2,CL7,1263,4687,157.95306166
1314,2,CL7,1299,4045,83.494190358
1321,2,CL7,1306,4164,54.945965418
1323,2,CL7,1308,5507,177.00690031
1341,2,CL7,1326,3447,108.44415434
1344,2,CL7,1329,4321,598.79171488
1345,2,CL7,1330,6004,164.42704863
1348,2,CL7,1333,4563,49.640587333
1350,2,CL7,1335,4556,115.88432836
1356,2,CL7,1341,3081,36.325868225
1361,2,CL7,1346,3670,185.4986376
1363,2,CL7,1348,3367,255.23344223
1372,2,CL7,1356,3859,49.188909044
1379,2,CL7,1363,3504,348.56392694
1380,2,CL7,1364,6719,140.16535199
1390,2,CL7,1374,3432,39.701631702
1392,2,CL7,1376,12146,37.061337066
1396,2,CL7,1380,3456,302.77835648
1406,2,CL7,1390,3837,158.17018504
1410,2,CL7,1394,9538,160.74722164
1417,2,CL7,1401,6157,78.150885171
1418,2,CL7,1402,5771,98.805752902
1440,2,CL7,1424,5220,41.710153257
1446,2,CL7,1430,7349,163.67083957
1464,2,CL7,1448,8350,105.64586826
1466,2,CL7,1450,7813,93.374760015
1473,2,CL7,1457,5539,127.26827947
1477,2,CL7,1461,3030,55.550165017
1479,2,CL7,1463,4465,161.73796193
1482,2,CL7,1466,3463,101.64452787
1484,2,CL7,1468,6666,60.862286229
1485,2,CL7,1469,4304,24.856180297
1494,2,CL7,1478,7078,71.1746256
1495,2,CL7,1479,10341,76.345517842
1497,2,CL7,1481,4660,250.18583691
1501,2,CL7,1485,6641,32.502635145
1507,2,CL7,1491,7523,41.197261731
1512,2,CL7,1496,6000,181.195
1523,2,CL7,1506,14899,14.055305725
1526,2,CL7,1509,3885,220.9029601
1534,2,CL7,1517,4841,44.323900021
1535,2,CL7,1518,5880,174.17278912
1548,2,CL7,1528,10085,102.01705503
1551,2,CL7,1531,13047,20.11550548
1553,2,CL7,1533,4408,157.26383848
1561,2,CL7,1541,12507,109.19061326
1566,2,CL7,1546,6698,56.708271126
1576,2,CL7,1556,4465,173.38477044
1579,2,CL7,1558,3336,236.91906475
1592,2,CL7,1570,3385,131.56218612
1602,2,CL7,1580,3012,92.456175299
1606,2,CL7,1584,5963,203.60741238
1608,2,CL7,1586,4971,52.432307383
1616,2,CL7,1594,11361,51.442654696
1621,2,CL7,1599,6740,25.793916914
1626,2,CL7,1604,5450,195.15504587
1629,2,CL7,1607,6849,247.27887283
1658,2,CL7,1635,3386,150.27968104
1670,2,CL7,1647,4201,47.5993811
1676,2,CL7,1653,3650,192.34054795
1677,2,CL7,1654,12875,18.662135922
1678,2,CL7,1655,4327,136.59694939
1685,2,CL7,1661,4767,29.833438221
1689,2,CL7,1665,8432,243.48754744
1690,2,CL7,1666,4148,97.417791707
1692,2,CL7,1668,6228,48.45728966
1693,2,CL7,1669,4065,118.62263223
1695,2,CL7,1671,4980,165.16164659
1700,2,CL7,1676,9679,18.623204877
1714,2,CL7,1690,3713,86.631026124
1718,2,CL7,1694,4187,56.164318128
1731,2,CL7,1707,7423,256.55826485
1735,2,CL7,1711,5288,41.486951589
1736,2,CL7,1712,4526,62.144498453
1738,2,CL7,1714,3488,119.26404817
1748,2,CL7,1724,4971,91.221886944
1753,2,CL7,1729,3412,147.88481829
1768,2,CL7,1744,3911,143.65456405
1770,2,CL7,1746,4199,100.66444392
1771,2,CL7,1747,3602,60.144364242
1772,2,CL7,1748,5466,85.575557995
1786,2,CL7,1762,8642,43.087826892
1791,2,CL7,1767,3494,262.09473383
1793,2,CL7,1769,11289,107.26432811
1795,2,CL7,1771,10544,125.18124052
1,3,CL5,2,40,3698.75
44,3,CL5,43,8,9771.125
54,3,CL5,52,27,2358.3333333
85,3,CL5,83,50,6470
152,3,CL5,150,3,5500
192,3,CL5,190,16,7400
251,3,CL5,249,67,4303.6567164
255,3,CL5,253,5,7220
279,3,CL5,276,35,9911.3142857
291,3,CL5,288,90,6511.0777778
304,3,CL5,301,2,2967.5
320,3,CL5,317,16,10042.3125
330,3,CL5,327,20,3480
334,3,CL5,331,59,21334.745763
340,3,CL5,337,12,2313
370,3,CL5,367,196,5154.9540816
389,3,CL5,385,7,14642.857143
427,3,CL5,423,16,5990.625
433,3,CL5,429,279,3421.4731183
435,3,CL5,431,69,5531.6521739
495,3,CL5,490,22,3646.2727273
497,3,CL5,492,35,2873.2
501,3,CL5,496,29,3379.3103448
506,3,CL5,501,20,9417.25
536,3,CL5,531,12,20417.083333
584,3,CL5,578,138,2416.1811594
592,3,CL5,586,200,2822.61
599,3,CL5,593,3,3336.6666667
609,3,CL5,603,100,2796.99
617,3,CL5,611,3,2500
632,3,CL5,626,1,5000
682,3,CL5,676,21,2535.7142857
689,3,CL5,683,3,6669
715,3,CL5,709,8,2568.75
728,3,CL5,722,169,3620.8579882
767,3,CL5,761,49,4097.9591837
770,3,CL5,763,7,3185.7142857
771,3,CL5,764,15,4531.6666667
793,3,CL5,786,14,3382.1428571
800,3,CL5,793,44,3985.9090909
846,3,CL5,838,13,7403.8461538
860,3,CL5,852,26,4193.4615385
871,3,CL5,863,13,5765.3846154
876,3,CL5,868,8,3671.25
879,3,CL5,871,154,3939.1558442
974,3,CL5,965,69,2483.6956522
982,3,CL5,973,2,4677.5
1009,3,CL5,999,26,2847.6153846
1045,3,CL5,1035,27,2838.5185185
1053,3,CL5,1043,23,8840.1304348
1057,3,CL5,1047,45,4407.3111111
1085,3,CL5,1074,42,2966.6666667
1115,3,CL5,1104,23,3180.3478261
1129,3,CL5,1118,7,2800
1143,3,CL5,1131,80,4301.0375
1156,3,CL5,1144,219,3806.9041096
1231,3,CL5,1218,7,2821.4285714
1254,3,CL5,1240,14,2762.5
1269,3,CL5,1255,22,3557.0454545
1273,3,CL5,1259,12,11916.666667
1276,3,CL5,1262,555,3206.5405405
1279,3,CL5,1265,32,2721.875
1281,3,CL5,1267,46,3173.0434783
1326,3,CL5,1311,464,2544.7198276
1335,3,CL5,1320,54,2485.5925926
1336,3,CL5,1321,14,2837.3571429
1354,3,CL5,1339,2,5625
1355,3,CL5,1340,114,5865.1403509
1386,3,CL5,1370,6,2491.6666667
1412,3,CL5,1396,6,4970.8333333
1451,3,CL5,1435,15,3166.6666667
1504,3,CL5,1488,163,2548.2699387
1509,3,CL5,1493,19,2867.7368421
1530,3,CL5,1513,1,2750
1539,3,CL5,1521,7,4600
1563,3,CL5,1543,29,4133.9310345
1567,3,CL5,1547,144,3017.1944444
1605,3,CL5,1583,1,2500
1625,3,CL5,1603,9,2527.7777778
1650,3,CL5,1627,57,7299.5614035
1655,3,CL5,1632,7,4035.7142857
1657,3,CL5,1634,88,2727.6136364
1663,3,CL5,1640,17,3183.5294118
1669,3,CL5,1646,283,2554.4310954
1684,3,CL5,1660,6,6780
1701,3,CL5,1677,9,4477.7777778
1705,3,CL5,1681,29,7016.8965517
1734,3,CL5,1710,21,4211.9047619
1740,3,CL5,1716,25,5673.64
1760,3,CL5,1736,97,6530.1030928
1765,3,CL5,1741,121,2547.1900826
1783,3,CL5,1759,31,4553.2258065
0,4,CL6,1,68773,76.11433266
2,4,CL6,3,16829,95.968863272
65,4,CL6,63,17142,81.55786956
105,4,CL6,103,36063,82.940465297
126,4,CL6,124,16436,52.404417133
161,4,CL6,159,27170,192.715311
221,4,CL6,219,31409,80.016714954
234,4,CL6,232,18817,54.329914439
236,4,CL6,234,18045,109.41003048
285,4,CL6,282,18011,56.905890844
293,4,CL6,290,20250,112.97935802
323,4,CL6,320,25221,37.361643075
356,4,CL6,353,22718,24.491856678
428,4,CL6,424,33285,39.423283761
526,4,CL6,521,23639,50.070222937
528,4,CL6,523,18331,39.706671758
555,4,CL6,550,24015,41.802540079
753,4,CL6,747,39318,240.97362531
917,4,CL6,908,17355,73.830769231
942,4,CL6,933,23879,40.895640521
1024,4,CL6,1014,16847,197.6786965
1038,4,CL6,1028,25694,24.223631976
1044,4,CL6,1034,17159,96.3454164
1161,4,CL6,1149,17249,58.826888515
1209,4,CL6,1197,19222,149.36026428
1342,4,CL6,1327,33335,219.02885856
1366,4,CL6,1351,24946,57.108794997
1487,4,CL6,1471,17099,26.807591087
1575,4,CL6,1555,21026,29.581946162
1667,4,CL6,1644,17947,26.191006854
1716,4,CL6,1692,24748,60.25044448
847,5,CL16,839,2,49000
1600,5,CL16,1578,2,57750
