"","store_id","n","avg"
"1",0,68773,76.1143326596193
"2",1,40,3698.75
"3",2,16829,95.9688632717333
"4",3,383,163.919060052219
"5",4,2082,129.832853025937
"6",5,124,1487.39516129032
"7",6,2653,523.928759894459
"8",7,122,897.622950819672
"9",8,1153,447.124891587164
"10",9,13,1520
"11",10,7,1301.42857142857
"12",12,1352,679.974112426036
"13",13,4114,141.053232863393
"14",14,1057,200.608325449385
"15",15,272,135
"16",16,92,472.065217391304
"17",18,941,181.924548352816
"18",19,320,438.78125
"19",20,138,188.927536231884
"20",21,408,141.553921568627
"21",22,7134,134.545977011494
"22",23,9847,23.8872753122779
"23",24,6765,22.9883222468588
"24",25,483,252.298136645963
"25",26,901,580.105438401776
"26",27,89,1596.39325842697
"27",28,2733,100.785217709477
"28",29,124,129.08064516129
"29",30,3268,82.9822521419829
"30",31,19,2000
"31",32,2509,125.892785970506
"32",33,3129,108.231703419623
"33",34,11337,33.8359354326541
"34",35,1433,88.4152128401954
"35",36,513,1070.20467836257
"36",37,741,245.879892037787
"37",38,624,380.586538461538
"38",39,5176,108.502897990726
"39",40,1963,93.2017320427916
"40",41,281,134.23487544484
"41",42,18,170.277777777778
"42",43,1897,149.872957301002
"43",44,8,9771.125
"44",45,7928,128.161579212916
"45",46,1060,103.081132075472
"46",48,26,1051.92307692308
"47",49,2301,225.077792264233
"48",50,3291,297.738985110909
"49",51,6103,26.9179092249713
"50",52,7502,288.123033857638
"51",53,23,881.304347826087
"52",54,27,2358.33333333333
"53",55,5488,122.271319241983
"54",56,16,1112.5
"55",57,79,1046.79746835443
"56",58,46,927.282608695652
"57",59,8876,25.1046642631816
"58",60,1412,133.434135977337
"59",61,2,542.5
"60",62,33,179.545454545455
"61",63,387,107.103359173127
"62",64,4248,96.9103107344633
"63",65,17142,81.5578695601447
"64",66,3676,60.7984221980414
"65",67,2093,52.1605351170569
"66",68,10646,35.2757843321435
"67",69,196,2142.13265306122
"68",70,843,92.7651245551601
"69",71,2185,102.287871853547
"70",72,240,146.775
"71",73,3102,24.42972275951
"72",74,68,230.397058823529
"73",75,664,119.850903614458
"74",76,26,166.230769230769
"75",77,77,741.558441558442
"76",78,474,153.210970464135
"77",79,20,343.25
"78",80,1172,135.482081911263
"79",81,8,413.75
"80",82,6148,24.3049772283669
"81",83,33,502.272727272727
"82",84,112,661.8125
"83",85,50,6470
"84",86,813,188.237392373924
"85",87,776,536.385309278351
"86",88,4183,97.1257470714798
"87",89,246,335.861788617886
"88",90,42,135.47619047619
"89",91,1374,245.75691411936
"90",92,1612,98.4367245657568
"91",93,64,178.78125
"92",94,529,114.37618147448
"93",95,401,76.3216957605985
"94",96,2012,40.5994035785288
"95",97,5312,57.663968373494
"96",98,1996,32.1447895791583
"97",99,6,1608.33333333333
"98",100,1218,233.664203612479
"99",101,8,91.5
"100",102,101,245.386138613861
"101",103,90,245.277777777778
"102",104,13325,220.121350844278
"103",105,36063,82.9404652968416
"104",106,2712,413.993362831858
"105",107,141,55.468085106383
"106",108,14,384.642857142857
"107",109,12737,79.2566538431342
"108",110,5041,169.77226740726
"109",111,3348,181.126344086022
"110",112,427,195.154566744731
"111",113,31,1759.35483870968
"112",114,639,22.7433489827856
"113",115,1500,32.1413333333333
"114",116,266,354.432330827068
"115",117,360,178.819444444444
"116",118,3517,84.3460335513222
"117",119,233,319.184549356223
"118",120,2806,100.833214540271
"119",121,2550,506.805098039216
"120",122,18,1674.16666666667
"121",123,5742,102.264541971439
"122",124,181,1201.99447513812
"123",125,36,519.583333333333
"124",126,16436,52.4044171331224
"125",127,118,200.466101694915
"126",128,34,1656.61764705882
"127",129,788,418.558375634518
"128",130,35,762.857142857143
"129",131,479,299.82254697286
"130",132,198,222.040404040404
"131",133,48,307.708333333333
"132",134,7985,21.4973074514715
"133",135,571,225.423817863398
"134",136,13,532.538461538462
"135",137,1837,97.2302667392488
"136",138,1747,459.618775042931
"137",139,1103,659.521305530372
"138",140,3344,119.301136363636
"139",141,167,463.443113772455
"140",142,387,1745.71059431525
"141",143,483,384.314699792961
"142",144,2135,113.414051522248
"143",145,181,279.944751381215
"144",146,181,323.939226519337
"145",147,116,180.689655172414
"146",148,3820,20.3125654450262
"147",149,229,1300.65065502183
"148",150,367,52.8147138964578
"149",151,104,690.673076923077
"150",152,3,5500
"151",153,560,153.032142857143
"152",154,81,1612.96296296296
"153",155,916,990.458515283843
"154",156,494,105.184210526316
"155",157,24,850.416666666667
"156",158,570,166.501754385965
"157",159,4,825
"158",160,2747,107.264652348016
"159",161,27170,192.715311004785
"160",162,1117,58.5819158460161
"161",163,2085,48.9453237410072
"162",164,23,20.3913043478261
"163",165,10620,26.0346516007533
"164",166,4058,98.1394775751602
"165",167,8655,57.355979202773
"166",168,75,132.786666666667
"167",169,1631,58.8436541998774
"168",170,65,201
"169",171,131,1562.5572519084
"170",172,1442,49.2933425797503
"171",173,2996,147.759012016021
"172",174,824,168.541262135922
"173",175,4686,85.6058472044388
"174",176,138,949.666666666667
"175",177,349,215.318051575931
"176",178,743,102.632570659489
"177",179,1428,303.625350140056
"178",180,667,117.179910044978
"179",181,10999,89.6653332121102
"180",182,4531,31.3246523946149
"181",183,52,361.153846153846
"182",184,9780,26.3565439672802
"183",185,9011,196.601598046832
"184",186,1442,133.615811373093
"185",187,637,258.886970172684
"186",188,2052,117.445906432749
"187",189,7,764.285714285714
"188",190,1331,198.048084147258
"189",191,3209,107.278591461514
"190",192,16,7400
"191",193,730,58.9356164383562
"192",194,310,216.525806451613
"193",195,275,1279.97090909091
"194",196,2273,86.3224813022437
"195",197,252,308.039682539683
"196",198,16,1387.1875
"197",199,60,224.666666666667
"198",200,242,157.487603305785
"199",201,1,400
"200",202,411,170.124087591241
"201",203,249,40.1244979919679
"202",204,1168,118.369006849315
"203",205,1592,92.0232412060301
"204",206,372,106.591397849462
"205",207,116,1690.50862068966
"206",208,2,857
"207",209,2035,69.3773955773956
"208",210,216,394.888888888889
"209",211,269,183.513011152416
"210",212,4757,43.7206222409081
"211",213,26,191.846153846154
"212",214,733,56.0068212824011
"213",215,4497,96.5503669112742
"214",216,738,633.772357723577
"215",217,1534,142.142764015645
"216",218,760,143.140789473684
"217",219,18,507.222222222222
"218",220,18,413.611111111111
"219",221,31409,80.0167149543125
"220",222,1307,148.020657995409
"221",223,1606,140.940846824408
"222",224,63,2190.79365079365
"223",225,30,691.333333333333
"224",226,30,638.333333333333
"225",227,3839,43.9760354258922
"226",228,401,261.683291770574
"227",229,57,147.631578947368
"228",230,56,185.535714285714
"229",231,910,593.694505494506
"230",232,407,203.285012285012
"231",233,12,223.333333333333
"232",234,18817,54.3299144390711
"233",235,245,205.857142857143
"234",236,18045,109.410030479357
"235",237,29,1584.65517241379
"236",238,703,240.045519203414
"237",239,5360,135.044776119403
"238",240,3963,127.373706787787
"239",241,597,210.733668341709
"240",242,568,166.274647887324
"241",243,104,232.634615384615
"242",244,1023,39.1564027370479
"243",245,7187,71.5451509670238
"244",246,1070,479.299065420561
"245",247,8638,49.4719842556147
"246",248,26,740.384615384615
"247",249,3422,209.105493863238
"248",250,240,1400.04166666667
"249",251,67,4303.65671641791
"250",252,377,39.2572944297082
"251",253,150,166.066666666667
"252",254,112,178.214285714286
"253",255,5,7220
"254",256,1533,208.836268754077
"255",257,193,353.860103626943
"256",258,760,152.743421052632
"257",259,230,209.04347826087
"258",260,766,43.8342036553525
"259",261,230,656.304347826087
"260",262,101,1478.08910891089
"261",263,30,807.666666666667
"262",265,414,80.5628019323672
"263",266,66,147.121212121212
"264",267,4340,21.7658986175115
"265",268,8293,88.4577354395273
"266",269,1335,181.533333333333
"267",270,1062,60.9943502824859
"268",271,754,94.7877984084881
"269",272,3,495
"270",273,976,244.743852459016
"271",274,875,74.2571428571429
"272",275,2005,35.8897755610973
"273",276,2611,111.124090386825
"274",277,1207,163.658657829329
"275",278,5973,101.605725765947
"276",279,35,9911.31428571429
"277",280,748,162.207219251337
"278",281,106,656.27358490566
"279",282,1136,136.416373239437
"280",283,219,172.497716894977
"281",284,5111,101.896106437096
"282",285,18011,56.9058908444839
"283",286,851,80.8848413631022
"284",287,1156,371.18339100346
"285",288,178,68.8202247191011
"286",289,590,129.703389830508
"287",290,8265,45.5333333333333
"288",291,90,6511.07777777778
"289",292,1174,137.397785349233
"290",293,20250,112.979358024691
"291",294,10475,145.688210023866
"292",295,8,828.125
"293",296,182,1481.86263736264
"294",297,76,332.894736842105
"295",298,26,592.923076923077
"296",299,254,96.0511811023622
"297",300,301,241.41196013289
"298",301,372,640.279569892473
"299",302,11591,37.2287982055043
"300",303,206,68.2233009708738
"301",304,2,2967.5
"302",305,18,1008.33333333333
"303",306,62,1059.27419354839
"304",307,110,270.318181818182
"305",308,334,85.4101796407186
"306",309,8235,32.1899210686096
"307",310,3737,206.934974578539
"308",311,373,214.638069705094
"309",312,41,1656.70731707317
"310",313,21,697.142857142857
"311",314,3458,441.606419895894
"312",315,139,1255.15827338129
"313",316,13,93.4615384615385
"314",317,250,344.42
"315",318,486,224.022633744856
"316",319,7,422
"317",320,16,10042.3125
"318",321,94,178.085106382979
"319",322,37,1193.24324324324
"320",323,25221,37.3616430752151
"321",324,29,1353.44827586207
"322",325,3578,206.702627166015
"323",326,1465,361.082593856655
"324",327,1055,385.00663507109
"325",328,169,87.8520710059172
"326",329,2263,58.8930623066726
"327",330,20,3480
"328",331,1260,97.7230158730159
"329",332,130,565.153846153846
"330",333,5034,210.577075883989
"331",334,59,21334.7457627119
"332",335,11263,48.0788422267602
"333",336,95,286.968421052632
"334",337,702,228.655270655271
"335",338,4236,132.661473087819
"336",339,258,407.248062015504
"337",340,12,2313
"338",341,7061,72.7134966718595
"339",342,373,113.404825737265
"340",343,4995,88.8676676676677
"341",344,75,110.493333333333
"342",345,1667,85.5272945410918
"343",346,20,951.95
"344",347,90,100.5
"345",348,655,122.929770992366
"346",349,738,481.353658536585
"347",350,4,0
"348",351,46,195.04347826087
"349",352,2079,164.759980759981
"350",353,61,566.55737704918
"351",354,158,272.905063291139
"352",355,10563,32.4478841238285
"353",356,22718,24.4918566775244
"354",357,1009,45.3250743310208
"355",358,714,133.501400560224
"356",359,900,328.765555555556
"357",360,676,580.340236686391
"358",361,2988,114.338018741633
"359",362,5675,64.6519823788546
"360",363,2062,380.029097963143
"361",364,39,218.461538461538
"362",365,930,185.158064516129
"363",366,1855,180.212398921833
"364",367,3314,110.02414001207
"365",368,214,104.14953271028
"366",369,1353,48.0118255728012
"367",370,196,5154.95408163265
"368",371,486,635.670781893004
"369",372,486,209.150205761317
"370",373,14019,27.4016691632784
"371",374,429,246.599067599068
"372",375,1595,151.188087774295
"373",376,32,1406.25
"374",377,2557,246.096597575284
"375",378,4084,110.273506366308
"376",379,601,101.815307820299
"377",380,1500,325.89
"378",381,1684,118.052256532067
"379",382,2992,199.345922459893
"380",383,634,157.547318611987
"381",384,5707,221.756089013492
"382",386,7,264.285714285714
"383",387,2,435
"384",388,1946,285.258992805755
"385",389,7,14642.8571428571
"386",390,5935,62.6764953664701
"387",391,1202,113.731281198003
"388",392,39,853.076923076923
"389",393,8405,332.860678167757
"390",394,10350,69.3374879227053
"391",395,170,841.147058823529
"392",396,736,241.607336956522
"393",397,200,1485.44
"394",398,1441,111.412213740458
"395",399,337,486.231454005935
"396",400,345,467.310144927536
"397",401,1725,310.096231884058
"398",402,746,173.3418230563
"399",403,239,376.297071129707
"400",404,5358,24.7123926838373
"401",405,1442,72.4882108183079
"402",406,272,102.691176470588
"403",407,2291,127.479703186381
"404",408,3802,43.7966859547607
"405",409,184,444.646739130435
"406",410,113,396.238938053097
"407",411,205,192.253658536585
"408",412,451,158.381374722838
"409",413,1258,34.7337042925278
"410",414,6349,426.641833359584
"411",415,2374,84.3542544229149
"412",416,200,259.595
"413",417,34,215.029411764706
"414",418,12,155.083333333333
"415",419,1598,186.592615769712
"416",420,2963,120.49746878164
"417",421,9,658.333333333333
"418",422,968,240.784090909091
"419",423,9002,128.489668962453
"420",424,3481,110.035047400172
"421",425,4094,74.5683927699072
"422",426,1038,909.600192678227
"423",427,16,5990.625
"424",428,33285,39.4232837614541
"425",429,2180,134.566972477064
"426",430,367,108.261580381471
"427",431,1973,274.993917891536
"428",432,345,149.831884057971
"429",433,279,3421.47311827957
"430",434,68,132.191176470588
"431",435,69,5531.65217391304
"432",436,109,237.825688073395
"433",437,86,688.011627906977
"434",438,439,123.348519362187
"435",439,915,74.8765027322404
"436",440,4430,151.267945823928
"437",441,667,179.502248875562
"438",442,3061,172.545573342045
"439",443,2305,38.0737527114967
"440",444,388,788.471649484536
"441",445,515,113.499029126214
"442",446,359,151.891364902507
"443",447,362,975.690607734807
"444",448,54,151.666666666667
"445",449,410,513.160975609756
"446",450,496,167.987903225806
"447",451,2279,124.34137779728
"448",452,3263,105.658289917254
"449",453,8,1443.75
"450",454,10,493.5
"451",455,583,759.763293310463
"452",456,1861,90.5599140247179
"453",457,546,91.3864468864469
"454",458,112,187.991071428571
"455",459,721,1600.86546463245
"456",460,30,307.566666666667
"457",461,120,2067.91666666667
"458",462,4459,117.250728862974
"459",463,19,664.473684210526
"460",464,78,1067.48717948718
"461",465,107,1114.81308411215
"462",466,1018,338.089390962672
"463",467,1474,35.5970149253731
"464",468,2,2000
"465",469,11100,30.2440540540541
"466",470,27,1025.92592592593
"467",471,104,835.865384615385
"468",472,1699,102.600353148911
"469",473,464,148.508620689655
"470",474,12036,20.0933865071452
"471",475,73,334.383561643836
"472",476,604,1358.7798013245
"473",477,4131,352.599854756717
"474",478,201,175.621890547264
"475",479,4,96
"476",480,21,1846.90476190476
"477",482,106,462.235849056604
"478",483,31,302
"479",484,681,166.030837004405
"480",485,142,1819.83802816901
"481",486,7156,452.13555058692
"482",487,2371,118.420075917334
"483",488,44,118.659090909091
"484",489,11,972.272727272727
"485",490,1472,723.51902173913
"486",491,549,94.3333333333333
"487",492,2271,753.937472479084
"488",493,121,1280.82644628099
"489",494,7409,74.8688082062357
"490",495,22,3646.27272727273
"491",496,652,203.957055214724
"492",497,35,2873.2
"493",498,13827,50.3959644174441
"494",499,883,69.1336353340883
"495",500,4251,117.530698659139
"496",501,29,3379.31034482759
"497",502,186,120.005376344086
"498",503,3327,115.810339645326
"499",504,6158,23.2050990581358
"500",505,122,81.1065573770492
"501",506,20,9417.25
"502",507,72,1613.36111111111
"503",508,2887,197.880845167994
"504",509,9,1570
"505",510,5995,81.4156797331109
"506",511,3103,241.874959716403
"507",512,898,322.272828507795
"508",513,626,1075.10383386581
"509",514,497,369.012072434608
"510",515,91,327.472527472527
"511",516,209,168.813397129187
"512",517,3955,95.75600505689
"513",518,2316,168.866580310881
"514",519,180,2186.21666666667
"515",520,184,70.9619565217391
"516",521,354,204.646892655367
"517",522,684,233.605263157895
"518",523,181,69.4640883977901
"519",524,198,94.3787878787879
"520",525,80,345.3375
"521",526,23639,50.0702229366725
"522",527,97,422.752577319588
"523",528,18331,39.7066717582238
"524",529,257,953.214007782101
"525",530,124,307.822580645161
"526",531,2544,239.635613207547
"527",532,3424,279.472838785047
"528",533,650,150.033846153846
"529",534,340,261.514705882353
"530",535,24,1550
"531",536,12,20417.0833333333
"532",537,439,408.462414578588
"533",538,80,1466.875
"534",539,5765,20.6825672159584
"535",540,152,1094.42763157895
"536",541,848,186.099056603774
"537",542,618,100.245954692557
"538",543,198,443.863636363636
"539",544,383,97.2297650130548
"540",545,7639,28.8152899594188
"541",546,1165,26.5648068669528
"542",547,859,116.711292200233
"543",548,15,844.666666666667
"544",549,1714,56.0700116686114
"545",550,1383,36.9660159074476
"546",551,198,163.823232323232
"547",552,196,1302.90306122449
"548",553,306,922.287581699346
"549",554,7420,22.7645552560647
"550",555,24015,41.8025400791172
"551",556,1886,113.183457051962
"552",558,3434,135.513104251602
"553",559,545,113.94495412844
"554",560,2583,169.826558265583
"555",561,4037,133.501114689126
"556",562,96,1451.47916666667
"557",563,93,171.301075268817
"558",564,2041,364.64821166095
"559",565,1271,115.230527143981
"560",566,1703,165.401644157369
"561",567,140,169.071428571429
"562",568,7745,68.081471917366
"563",569,2874,93.9808629088378
"564",570,1295,155.948262548263
"565",571,73,2059.58904109589
"566",572,2132,85.0919324577861
"567",573,129,448.720930232558
"568",574,2370,128.90970464135
"569",575,797,33.4993726474279
"570",576,610,138.204918032787
"571",577,62,1361.06451612903
"572",578,8,1225
"573",579,1176,232.802721088435
"574",580,423,584.338061465721
"575",581,683,105.790629575403
"576",582,464,242.665948275862
"577",583,551,739.609800362976
"578",584,138,2416.18115942029
"579",585,271,2157.39852398524
"580",586,2276,122.541739894552
"581",587,5347,152.711052926875
"582",588,1913,183.203868269733
"583",589,3649,149.76596327761
"584",590,396,222.477272727273
"585",591,6494,252.528025870034
"586",592,200,2822.61
"587",593,5274,86.5377322715207
"588",594,30,614.033333333333
"589",595,3919,45.7476397040061
"590",596,1143,321.055118110236
"591",597,13689,219.094163196727
"592",598,2119,99.1217555450684
"593",599,3,3336.66666666667
"594",600,30,1661.33333333333
"595",601,5,2090
"596",602,229,152.794759825328
"597",603,308,93.7402597402597
"598",604,26,190.769230769231
"599",605,69,188.797101449275
"600",606,14604,36.9813064913722
"601",607,2267,167.082928981032
"602",608,1,5
"603",609,100,2796.99
"604",610,570,194.30701754386
"605",611,164,370.536585365854
"606",612,191,1203.66492146597
"607",613,4952,170.046647819063
"608",614,1064,56.6071428571429
"609",615,5815,30.8852966466036
"610",616,97,1515.12371134021
"611",617,3,2500
"612",618,357,39.9719887955182
"613",619,1572,136.243002544529
"614",620,195,1343.25641025641
"615",621,86,304.290697674419
"616",622,251,180.342629482072
"617",623,11,1536.36363636364
"618",624,396,320.75
"619",625,24,450.25
"620",626,1417,685.558221594919
"621",627,218,132.935779816514
"622",628,16,1236
"623",629,4070,79.1788697788698
"624",630,6546,29.0869233119462
"625",631,353,116.86402266289
"626",632,1,5000
"627",633,33,317.272727272727
"628",634,74,173.986486486486
"629",635,2569,113.787855196575
"630",636,268,123.276119402985
"631",637,4497,96.7049143873694
"632",638,197,44.5939086294416
"633",639,800,59.81125
"634",640,345,94.9594202898551
"635",641,13,971.538461538462
"636",642,28,1958.67857142857
"637",643,21,1309.52380952381
"638",644,7298,17.1573033707865
"639",645,872,69.5424311926605
"640",646,565,107.869026548673
"641",647,619,327.407108239095
"642",648,2019,118.887568103021
"643",649,894,152.763982102908
"644",650,81,1108.32098765432
"645",651,7005,18.9381870092791
"646",652,62,511.935483870968
"647",653,71,569.718309859155
"648",654,255,678.039215686274
"649",655,312,150.144230769231
"650",656,77,1103.46753246753
"651",657,1,2000
"652",658,185,1564.49189189189
"653",659,769,465.734720416125
"654",660,691,172.76989869754
"655",661,279,118.207885304659
"656",662,87,1178.16091954023
"657",663,347,207.219020172911
"658",664,6,169.166666666667
"659",665,25,1100.2
"660",666,89,682.921348314607
"661",667,231,402.060606060606
"662",668,3884,129.912461380021
"663",669,30,1191.66666666667
"664",670,1098,53.4526411657559
"665",671,116,78.9224137931034
"666",672,561,97.8894830659537
"667",673,73,547.945205479452
"668",674,3998,23.14032016008
"669",675,133,2010
"670",676,211,175.331753554502
"671",677,344,865.790697674419
"672",678,184,137.423913043478
"673",679,17,34.7058823529412
"674",680,37,775.081081081081
"675",681,529,273.459357277883
"676",682,21,2535.71428571429
"677",683,1093,576.808783165599
"678",684,75,164.933333333333
"679",685,2112,86.3375946969697
"680",686,538,232.410780669145
"681",687,15,152
"682",688,17,211.235294117647
"683",689,3,6669
"684",690,110,104.5
"685",691,5874,162.442969016003
"686",692,702,233.5
"687",693,118,293.177966101695
"688",694,36,223.888888888889
"689",695,2387,232.167993297026
"690",696,500,275.65
"691",697,7634,183.861933455593
"692",698,794,339.099496221662
"693",699,269,280.390334572491
"694",700,4635,43.9546925566343
"695",701,2349,207.845466155811
"696",702,2027,82.8327577701036
"697",703,1,5
"698",704,231,632.683982683983
"699",705,2641,215.595229079894
"700",706,911,224.132821075741
"701",707,890,77
"702",708,126,1502.53968253968
"703",709,742,61.4865229110512
"704",710,19,128.947368421053
"705",711,301,756.727574750831
"706",712,973,158.073997944502
"707",713,194,714.896907216495
"708",714,45,1703.33333333333
"709",715,8,2568.75
"710",716,2539,93.5935407640803
"711",717,308,139.931818181818
"712",718,3,213.333333333333
"713",719,8661,128.243620829004
"714",720,687,69.9912663755458
"715",721,481,101.247401247401
"716",722,1176,284.209183673469
"717",723,1471,276.071380013596
"718",724,1577,196.842105263158
"719",725,1173,221.245524296675
"720",726,1362,221.234214390602
"721",727,1,500
"722",728,169,3620.85798816568
"723",729,4573,62.7382462278592
"724",730,1096,212.012773722628
"725",731,492,159.39837398374
"726",732,574,336.512195121951
"727",733,163,191.601226993865
"728",734,48,87.6875
"729",735,30,486.833333333333
"730",736,583,232.650085763293
"731",737,189,395.169312169312
"732",738,194,1913.4793814433
"733",739,262,538.396946564886
"734",740,63,558.444444444444
"735",741,1503,96.6533599467731
"736",742,332,131.475903614458
"737",743,81,691.975308641975
"738",744,177,83.909604519774
"739",745,936,101.285256410256
"740",746,26,1290.26923076923
"741",747,649,150.02311248074
"742",748,116,2137.71551724138
"743",749,111,2227.38738738739
"744",750,4297,271.807307423784
"745",751,11,172.454545454545
"746",752,140,115.785714285714
"747",753,39318,240.973625311562
"748",754,1330,480.032330827068
"749",755,1073,102.68219944082
"750",756,297,282.531986531987
"751",757,213,112.042253521127
"752",758,54,282.777777777778
"753",759,157,344.936305732484
"754",760,535,376.254205607477
"755",761,38,385.5
"756",762,29,71.0689655172414
"757",763,26,206.730769230769
"758",764,117,99.5897435897436
"759",765,249,201.40562248996
"760",766,330,177.99696969697
"761",767,49,4097.95918367347
"762",769,1781,187.801796743403
"763",770,7,3185.71428571429
"764",771,15,4531.66666666667
"765",772,2043,103.787567302986
"766",773,284,337.834507042254
"767",774,182,477.335164835165
"768",775,6270,75.7170653907496
"769",776,866,207.341801385681
"770",777,2731,119.912852435005
"771",778,1248,163.529647435897
"772",779,58,209.965517241379
"773",780,395,451.050632911392
"774",781,694,200.259365994236
"775",782,4321,317.04443415876
"776",783,879,29.0022753128555
"777",784,3966,27.2914775592537
"778",785,544,76.3823529411765
"779",786,33,85.1818181818182
"780",787,358,329.139664804469
"781",788,609,78.2085385878489
"782",789,23,137.391304347826
"783",790,1848,51.8587662337662
"784",791,1766,209.789354473386
"785",792,438,288.356164383562
"786",793,14,3382.14285714286
"787",794,19,352.631578947368
"788",795,10,1062.5
"789",796,253,255.533596837945
"790",797,1190,184.709243697479
"791",798,4420,104.115610859729
"792",799,120,318.108333333333
"793",800,44,3985.90909090909
"794",801,3885,144.460231660232
"795",802,2394,233.519214703425
"796",804,268,726.119402985075
"797",805,158,202.848101265823
"798",806,380,267.344736842105
"799",807,1746,38.2514318442153
"800",808,4,68.75
"801",809,1309,51.4178762414057
"802",810,1738,2115.93843498274
"803",811,508,108.498031496063
"804",812,2131,111.987329892069
"805",813,2850,165.882456140351
"806",814,26,1478.46153846154
"807",815,792,180.713383838384
"808",816,6,156.666666666667
"809",817,120,203.475
"810",818,565,23.5274336283186
"811",819,124,984.467741935484
"812",820,57,1365.87719298246
"813",821,104,198.634615384615
"814",822,13886,77.2617024341063
"815",823,510,101.341176470588
"816",824,3263,47.8403309837573
"817",825,3692,51.806338028169
"818",826,2,2.5
"819",827,115,1959.4347826087
"820",828,6392,77.694774718398
"821",829,240,833.854166666667
"822",830,294,175.051020408163
"823",831,59,296.779661016949
"824",832,336,316.904761904762
"825",833,1257,327.411296738266
"826",834,1644,120.102189781022
"827",835,371,2259.31266846361
"828",836,37,351.756756756757
"829",837,476,600.094537815126
"830",838,12,251.666666666667
"831",839,159,1368.31446540881
"832",840,122,474.319672131148
"833",841,2505,178.068263473054
"834",842,150,752.3
"835",843,934,121.989293361884
"836",844,634,39.391167192429
"837",845,137,16.6350364963504
"838",846,13,7403.84615384615
"839",847,2,49000
"840",848,3213,75.1182695300342
"841",849,66,364.469696969697
"842",850,657,44.6712328767123
"843",851,1135,125.456387665198
"844",852,2938,107.588495575221
"845",853,794,219.303526448363
"846",854,142,54.4577464788732
"847",855,1139,96.1378402107111
"848",856,1360,72.0301470588235
"849",857,2834,428.804163726182
"850",858,52,262.403846153846
"851",859,4,28.75
"852",860,26,4193.46153846154
"853",861,1677,176.023852116875
"854",862,384,1622.43489583333
"855",863,1099,199.413102820746
"856",864,63,167.619047619048
"857",865,439,146.489749430524
"858",866,2,0
"859",867,900,496.776666666667
"860",868,709,552.166431593794
"861",869,5619,50.1747641929169
"862",870,713,37.7068723702665
"863",871,13,5765.38461538462
"864",872,732,149.644808743169
"865",873,7117,311.222144161866
"866",874,26,419.230769230769
"867",875,4,1920
"868",876,8,3671.25
"869",877,263,449.771863117871
"870",878,202,90.0346534653465
"871",879,154,3939.15584415584
"872",880,66,1868.10606060606
"873",881,1065,70.0488262910798
"874",882,18,169.444444444444
"875",883,1234,191.810372771475
"876",884,1767,108.100735710243
"877",885,58,1929.24137931034
"878",886,4105,97.6665042630938
"879",887,2699,75.6094849944424
"880",888,259,1084.31274131274
"881",889,2278,153.566725197542
"882",890,4858,197.993824619185
"883",891,357,813.473389355742
"884",892,419,98.6610978520286
"885",893,1271,110.202202989772
"886",894,1571,193.683004455761
"887",895,519,40.8304431599229
"888",896,706,770.672804532578
"889",897,724,126.104972375691
"890",898,6458,158.273923815423
"891",899,27,716.740740740741
"892",900,716,203.275139664804
"893",902,126,685.714285714286
"894",903,136,762.220588235294
"895",904,2295,36.9259259259259
"896",905,22,1462.04545454545
"897",906,19,265.526315789474
"898",907,2922,27.0533880903491
"899",908,85,71.2352941176471
"900",909,1195,116.102928870293
"901",910,134,778.171641791045
"902",911,623,86.760834670947
"903",912,524,47.8492366412214
"904",913,33,87.3333333333333
"905",914,3712,152.965786637931
"906",915,19,781.157894736842
"907",916,1584,28.5252525252525
"908",917,17355,73.8307692307692
"909",918,550,160.561818181818
"910",919,28,231.107142857143
"911",920,2670,129.053183520599
"912",921,232,83.9224137931034
"913",922,3338,144.240263630917
"914",923,5713,18.5399964992123
"915",924,366,1629.65027322404
"916",925,527,820.924098671727
"917",926,440,138.647727272727
"918",927,12,877.5
"919",928,4796,100.386572143453
"920",929,834,70.6282973621103
"921",930,969,1689.61093911249
"922",931,132,41.1818181818182
"923",932,1074,102.04469273743
"924",933,7,592.857142857143
"925",934,809,322.898640296663
"926",935,647,60.9644513137558
"927",936,275,134.109090909091
"928",937,2672,70.1358532934132
"929",938,1981,842.880363452802
"930",939,38,1019.86842105263
"931",940,55,105.818181818182
"932",941,933,111.175777063237
"933",942,23879,40.8956405209598
"934",943,2142,63.5359477124183
"935",944,352,238.923295454545
"936",945,2106,147.634377967711
"937",946,6695,30.1041075429425
"938",947,403,59.1389578163772
"939",948,1579,64.9810006333122
"940",949,27,224.333333333333
"941",950,44,1225.22727272727
"942",951,1,1500
"943",952,49,108
"944",953,4622,165.347684984855
"945",954,1718,47.6850989522701
"946",955,496,388.245967741935
"947",956,2603,321.724932769881
"948",957,1342,245.509687034277
"949",958,7810,635.816645326504
"950",959,20,1213.75
"951",960,1080,149.369444444444
"952",961,27,366.962962962963
"953",962,1109,218.039675383228
"954",963,6305,53.5885804916733
"955",964,163,263.527607361963
"956",965,162,1268.75925925926
"957",966,1839,84.6046764545949
"958",967,595,512.12268907563
"959",968,371,340.088948787062
"960",969,30,1440
"961",970,585,75.1094017094017
"962",971,30,2155.83333333333
"963",972,45,900.555555555556
"964",973,432,319.914351851852
"965",974,69,2483.69565217391
"966",975,177,205.508474576271
"967",976,579,297.297063903282
"968",977,53,1743.77358490566
"969",978,3196,102.928347934919
"970",979,2968,145.544811320755
"971",980,431,111.401392111369
"972",981,128,198.4140625
"973",982,2,4677.5
"974",983,370,902.243243243243
"975",984,61,110.196721311475
"976",985,1325,129.539622641509
"977",986,2572,198.553265940902
"978",987,194,356.623711340206
"979",988,8,0
"980",989,201,745.248756218905
"981",990,869,178.391254315305
"982",991,1,600
"983",992,5,675
"984",993,17,903.235294117647
"985",995,2246,295.584149599288
"986",996,805,223.421118012422
"987",997,2947,138.911096029861
"988",998,7272,108.746149614961
"989",999,452,1078.40265486726
"990",1000,640,376.609375
"991",1001,409,257.444987775061
"992",1002,2164,299.811922365989
"993",1003,20,716.5
"994",1004,25,239.2
"995",1005,2457,323.539682539683
"996",1006,91,248.901098901099
"997",1007,253,940.628458498024
"998",1008,16,119.9375
"999",1009,26,2847.61538461538
"1000",1010,369,146.628726287263
"1001",1011,11669,78.0850115691148
"1002",1012,3979,358.87886403619
"1003",1013,5539,101.951796353132
"1004",1014,56,183.160714285714
"1005",1015,2280,200.193859649123
"1006",1016,391,400.3452685422
"1007",1017,5027,81.0381937537299
"1008",1018,65,1401.96923076923
"1009",1019,2968,359.829177897574
"1010",1020,5,160
"1011",1021,1700,80.8705882352941
"1012",1022,524,159.753816793893
"1013",1023,4057,240.293813162435
"1014",1024,16847,197.678696503829
"1015",1025,930,291.489247311828
"1016",1026,6242,131.883530919577
"1017",1027,174,1016.42528735632
"1018",1028,37,408.513513513513
"1019",1029,5103,140.693121693122
"1020",1030,113,353.628318584071
"1021",1031,791,174.672566371681
"1022",1032,1840,151.339130434783
"1023",1033,845,258.550295857988
"1024",1034,332,1143.84939759036
"1025",1035,2083,142.673067690831
"1026",1036,163,900.153374233129
"1027",1037,570,345.543859649123
"1028",1038,25694,24.2236319763369
"1029",1039,2153,185.572224802601
"1030",1040,97,154.113402061856
"1031",1041,1381,214.762490948588
"1032",1042,346,178.037572254335
"1033",1043,74,303.054054054054
"1034",1044,17159,96.3454163995571
"1035",1045,27,2838.51851851852
"1036",1046,3645,63.0941015089163
"1037",1047,218,293.02752293578
"1038",1048,2196,124.493169398907
"1039",1049,272,393.492647058824
"1040",1050,517,56.3907156673114
"1041",1051,930,22.7118279569892
"1042",1052,818,211.187041564792
"1043",1053,23,8840.13043478261
"1044",1054,80,1970.2875
"1045",1055,1952,187.376536885246
"1046",1056,2,500
"1047",1057,45,4407.31111111111
"1048",1058,221,228.321266968326
"1049",1059,27,556
"1050",1060,7403,93.1140078346616
"1051",1061,310,563.096774193548
"1052",1062,10588,208.189459765773
"1053",1063,27,1095.37037037037
"1054",1064,160,167.28125
"1055",1065,3020,89.8397350993377
"1056",1066,40,93.55
"1057",1067,4,1750
"1058",1068,177,337.485875706215
"1059",1069,634,244.058359621451
"1060",1070,10,1172.5
"1061",1071,85,692.588235294118
"1062",1072,144,259.236111111111
"1063",1073,11896,67.386768661735
"1064",1074,322,253.953416149068
"1065",1075,3678,45.2542142468733
"1066",1076,11700,415.460256410256
"1067",1077,134,199.992537313433
"1068",1078,2493,31.8788608102688
"1069",1080,12566,18.5676428457743
"1070",1081,262,546.870229007634
"1071",1082,2542,139.374901652242
"1072",1083,1012,375.856719367589
"1073",1084,258,192.282945736434
"1074",1085,42,2966.66666666667
"1075",1086,57,222.614035087719
"1076",1087,67,258.507462686567
"1077",1088,13820,53.00998552822
"1078",1089,90,242.5
"1079",1090,3822,350.423076923077
"1080",1091,297,214.228956228956
"1081",1092,2670,265.537453183521
"1082",1093,1495,277.171906354515
"1083",1094,4621,204.145639471976
"1084",1095,1561,43.2799487508008
"1085",1096,705,632.460992907801
"1086",1097,1910,76.5476439790576
"1087",1098,348,488.879310344828
"1088",1099,7573,57.953915225142
"1089",1100,3,241.666666666667
"1090",1101,654,36.6574923547401
"1091",1102,2853,228.094987732212
"1092",1103,3491,120.869378401604
"1093",1104,932,47.6877682403433
"1094",1105,1550,100.844516129032
"1095",1106,135,596.2
"1096",1107,2296,39.9246515679443
"1097",1108,215,906.939534883721
"1098",1109,12038,108.70659578003
"1099",1110,715,285.510489510489
"1100",1111,329,240.577507598784
"1101",1112,2434,206.295809367297
"1102",1113,174,125.32183908046
"1103",1114,1089,152.860422405877
"1104",1115,23,3180.34782608696
"1105",1116,3,155
"1106",1117,240,487.616666666667
"1107",1118,326,139.938650306748
"1108",1119,13,595.307692307692
"1109",1120,1347,231.452858203415
"1110",1121,63,52.5238095238095
"1111",1122,603,70.9983416252073
"1112",1123,3,200
"1113",1124,1806,577.91196013289
"1114",1125,1470,467.32380952381
"1115",1126,616,1155.85876623377
"1116",1127,343,104.102040816327
"1117",1128,1337,494.376963350785
"1118",1129,7,2800
"1119",1130,170,198.547058823529
"1120",1131,1470,97.7857142857143
"1121",1132,9162,170.365858982755
"1122",1134,2806,48.4073414112616
"1123",1135,92,1956.8152173913
"1124",1136,793,232.75157629256
"1125",1137,6684,155.873129862358
"1126",1138,33,563.787878787879
"1127",1139,358,173.310055865922
"1128",1140,4271,132.240693046125
"1129",1141,944,194.549788135593
"1130",1142,13,953.846153846154
"1131",1143,80,4301.0375
"1132",1144,1039,32.563041385948
"1133",1145,419,247.147971360382
"1134",1146,111,330.117117117117
"1135",1147,6999,45.6066580940134
"1136",1148,1269,92.3026004728132
"1137",1149,328,161.30487804878
"1138",1150,3262,31.1529736358063
"1139",1151,61,224.344262295082
"1140",1152,266,88.4135338345865
"1141",1153,1234,426.134521880065
"1142",1154,246,1069.88617886179
"1143",1155,6304,132.431154822335
"1144",1156,219,3806.90410958904
"1145",1157,202,185.633663366337
"1146",1158,1582,65.5916561314791
"1147",1159,25,1497.64
"1148",1160,1635,394.884403669725
"1149",1161,17249,58.8268885152762
"1150",1162,1975,36.5772151898734
"1151",1163,110,1048.36363636364
"1152",1164,159,187.075471698113
"1153",1165,2249,39.8510449088484
"1154",1166,211,624.909952606635
"1155",1167,5620,141.885231316726
"1156",1168,39,1360.20512820513
"1157",1169,773,474.667529107374
"1158",1170,14,1485.71428571429
"1159",1171,1302,147.567588325653
"1160",1172,488,351.254098360656
"1161",1173,154,167.181818181818
"1162",1174,6231,353.393195313754
"1163",1175,241,84.4564315352697
"1164",1176,8927,105.470146745827
"1165",1177,434,226.198156682028
"1166",1178,2589,22.0042487446891
"1167",1179,1173,176.234441602728
"1168",1180,3355,263.687332339791
"1169",1181,62,439.435483870968
"1170",1182,11798,28.8946431598576
"1171",1183,124,1552.76612903226
"1172",1184,1250,142.548
"1173",1185,48,781.25
"1174",1186,3129,865.736337488015
"1175",1187,32,166.71875
"1176",1188,278,189.424460431655
"1177",1189,5,62.4
"1178",1190,592,179.788851351351
"1179",1191,131,1247.91603053435
"1180",1192,323,195.130030959752
"1181",1193,86,63.0348837209302
"1182",1194,6026,283.544971788915
"1183",1195,85,144.376470588235
"1184",1196,334,130.164670658683
"1185",1197,416,159.651442307692
"1186",1198,124,1888.95161290323
"1187",1199,3672,415.154956427015
"1188",1200,965,127.900518134715
"1189",1201,617,42.6094003241491
"1190",1202,276,448.148550724638
"1191",1203,715,246.913286713287
"1192",1204,1759,226.273450824332
"1193",1205,240,348.8125
"1194",1206,522,249.193486590038
"1195",1207,5655,39.7706454465075
"1196",1208,286,1624.03846153846
"1197",1209,19222,149.360264280512
"1198",1210,194,2027.19072164948
"1199",1211,653,310.787136294028
"1200",1212,1439,123.72063933287
"1201",1213,383,40.289817232376
"1202",1214,712,259.456460674157
"1203",1215,43,254.767441860465
"1204",1217,128,120.78125
"1205",1218,140,307.964285714286
"1206",1219,253,396.940711462451
"1207",1220,20,745.25
"1208",1221,25,1806
"1209",1222,47,616.489361702128
"1210",1223,1414,83.6117397454031
"1211",1224,1423,61.4490513000703
"1212",1225,249,787.008032128514
"1213",1226,218,162.47247706422
"1214",1227,222,554.031531531532
"1215",1228,1080,217.796296296296
"1216",1229,256,1073.9921875
"1217",1230,1452,170.612947658402
"1218",1231,7,2821.42857142857
"1219",1232,301,313.43853820598
"1220",1233,8,1084.375
"1221",1234,113,1857.35398230089
"1222",1235,2367,66.7908745247148
"1223",1236,7441,245.559064641849
"1224",1237,7354,53.0199891215665
"1225",1238,1909,46.9229963331587
"1226",1239,21,125.333333333333
"1227",1240,3105,106.501449275362
"1228",1241,492,289.455284552846
"1229",1242,123,649.756097560976
"1230",1243,14,197.928571428571
"1231",1244,15700,47.4403821656051
"1232",1245,2992,104.29378342246
"1233",1246,1403,62.5773342836778
"1234",1247,1546,113.003234152652
"1235",1248,752,188.9375
"1236",1249,39,244.923076923077
"1237",1250,203,250.418719211823
"1238",1251,305,155.540983606557
"1239",1252,1126,150.807282415631
"1240",1254,14,2762.5
"1241",1255,1245,188.650602409639
"1242",1256,4950,119.918585858586
"1243",1257,91,118.846153846154
"1244",1258,24,434.583333333333
"1245",1259,64,759.375
"1246",1260,2488,115.114549839228
"1247",1261,480,615.177083333333
"1248",1262,2082,139.115754082613
"1249",1263,1,1485
"1250",1264,40,2155
"1251",1265,165,103.521212121212
"1252",1266,2636,144.603566009105
"1253",1267,483,243.973084886128
"1254",1268,813,80.4428044280443
"1255",1269,22,3557.04545454545
"1256",1270,310,439.409677419355
"1257",1271,18,1216.66666666667
"1258",1272,55,85.6363636363636
"1259",1273,12,11916.6666666667
"1260",1274,335,846.797014925373
"1261",1275,25,1728.2
"1262",1276,555,3206.54054054054
"1263",1277,4687,157.95306165991
"1264",1278,40,1544.625
"1265",1279,32,2721.875
"1266",1280,414,1487.80434782609
"1267",1281,46,3173.04347826087
"1268",1282,1518,345.216732542819
"1269",1283,14,667.857142857143
"1270",1284,2014,116.506951340616
"1271",1285,10,587.5
"1272",1286,2236,23.4114490161002
"1273",1287,58,525.431034482759
"1274",1288,422,85.4265402843602
"1275",1289,250,1750.408
"1276",1290,163,201.748466257669
"1277",1291,50,630
"1278",1292,3,20
"1279",1293,137,1419.48175182482
"1280",1294,903,241.87707641196
"1281",1295,1697,530.633470830878
"1282",1296,11,146.818181818182
"1283",1297,659,108.749620637329
"1284",1298,19,1351.84210526316
"1285",1299,2501,99.7421031587365
"1286",1300,744,183.719086021505
"1287",1301,64,551.234375
"1288",1302,326,301.049079754601
"1289",1303,114,70.2456140350877
"1290",1304,88,220.818181818182
"1291",1305,118,86.1440677966102
"1292",1306,893,225.81522956327
"1293",1308,860,550.910465116279
"1294",1309,2474,115.835893290218
"1295",1310,136,1128.34558823529
"1296",1311,26,875.769230769231
"1297",1312,1060,406.578301886792
"1298",1313,1043,279.906999041227
"1299",1314,4045,83.4941903584673
"1300",1315,1334,261.313343328336
"1301",1316,2223,307.883490778228
"1302",1317,1159,133.848144952545
"1303",1318,505,230.534653465347
"1304",1319,202,96.549504950495
"1305",1320,213,630.8779342723
"1306",1321,4164,54.9459654178674
"1307",1322,936,172.440170940171
"1308",1323,5507,177.006900308698
"1309",1324,2857,149.977598879944
"1310",1325,557,215.464991023339
"1311",1326,464,2544.71982758621
"1312",1327,578,62.0242214532872
"1313",1328,1191,220.188077246012
"1314",1329,278,1250.29136690647
"1315",1330,6,1500
"1316",1331,466,339.077253218884
"1317",1332,236,957.944915254237
"1318",1333,170,843.058823529412
"1319",1334,302,149.880794701987
"1320",1335,54,2485.59259259259
"1321",1336,14,2837.35714285714
"1322",1337,2711,129.284765769089
"1323",1338,338,259.541420118343
"1324",1339,881,195.16458569807
"1325",1340,52,155.115384615385
"1326",1341,3447,108.444154337105
"1327",1342,33335,219.028858557072
"1328",1343,2806,58.8738417676408
"1329",1344,4321,598.791714880815
"1330",1345,6004,164.427048634244
"1331",1346,615,234.069918699187
"1332",1347,1237,111.264349232013
"1333",1348,4563,49.640587332895
"1334",1349,231,611.666666666667
"1335",1350,4556,115.884328358209
"1336",1351,1538,209.04811443433
"1337",1352,589,154.590831918506
"1338",1353,45,707.666666666667
"1339",1354,2,5625
"1340",1355,114,5865.14035087719
"1341",1356,3081,36.3258682246024
"1342",1357,1105,218.641628959276
"1343",1358,493,380.95537525355
"1344",1359,116,751.25
"1345",1360,2017,156.582548339117
"1346",1361,3670,185.49863760218
"1347",1362,1558,45.5109114249037
"1348",1363,3367,255.233442233442
"1349",1364,1967,90.7625826131164
"1350",1365,59,368.305084745763
"1351",1366,24946,57.1087949971939
"1352",1367,106,777.169811320755
"1353",1368,1030,332.802912621359
"1354",1370,32,617
"1355",1371,17,715.764705882353
"1356",1372,3859,49.1889090437937
"1357",1373,2129,200.101925786754
"1358",1374,438,253.184931506849
"1359",1375,127,1319.90551181102
"1360",1376,91,567.802197802198
"1361",1377,6,1544.16666666667
"1362",1378,507,96.6785009861933
"1363",1379,3504,348.563926940639
"1364",1380,6719,140.165351986903
"1365",1381,52,1647.11538461538
"1366",1382,23,154.347826086957
"1367",1383,914,244.55579868709
"1368",1384,1242,118.450080515298
"1369",1385,119,113.27731092437
"1370",1386,6,2491.66666666667
"1371",1387,2182,226.370302474794
"1372",1388,3,1733.33333333333
"1373",1389,1674,87.952807646356
"1374",1390,3432,39.7016317016317
"1375",1391,42,1263.2619047619
"1376",1392,12146,37.0613370657006
"1377",1393,136,1770.22058823529
"1378",1394,667,152.658170914543
"1379",1395,2338,63.5230966638152
"1380",1396,3456,302.778356481481
"1381",1397,133,107.729323308271
"1382",1398,67,336.268656716418
"1383",1399,34,225.970588235294
"1384",1400,1857,254.347872913301
"1385",1401,61,260.081967213115
"1386",1402,1457,148.608098833219
"1387",1403,1058,593.996219281664
"1388",1404,49,143.469387755102
"1389",1405,179,71.659217877095
"1390",1406,3837,158.170185040396
"1391",1407,486,1634.82510288066
"1392",1408,507,142.587771203156
"1393",1409,353,199.844192634561
"1394",1410,9538,160.747221639757
"1395",1411,566,562.473498233216
"1396",1412,6,4970.83333333333
"1397",1413,612,139.795751633987
"1398",1414,602,126.279069767442
"1399",1415,303,565.858085808581
"1400",1416,193,198.39378238342
"1401",1417,6157,78.1508851713497
"1402",1418,5771,98.8057529024432
"1403",1419,2058,224.981049562682
"1404",1420,1568,199.577168367347
"1405",1421,413,334.237288135593
"1406",1422,469,81.9402985074627
"1407",1423,554,171.776173285199
"1408",1424,2388,297.788525963149
"1409",1425,279,48.2903225806452
"1410",1426,2598,83.4449576597383
"1411",1427,1657,219.68617984309
"1412",1428,1658,30.9215922798552
"1413",1429,722,63.2326869806094
"1414",1430,31,118.387096774194
"1415",1431,1043,34.2166826462128
"1416",1432,1004,185.632470119522
"1417",1433,1868,185.457708779443
"1418",1434,555,575.387387387387
"1419",1435,505,109.415841584158
"1420",1436,358,138.768156424581
"1421",1437,1289,146.058960434445
"1422",1438,1915,132.91227154047
"1423",1439,5,99
"1424",1440,5220,41.710153256705
"1425",1441,486,144.448559670782
"1426",1442,186,1423.02688172043
"1427",1443,2033,158.719626168224
"1428",1444,375,145.008
"1429",1445,2460,84.519918699187
"1430",1446,7349,163.67083957001
"1431",1447,323,154.885448916409
"1432",1448,32,782.34375
"1433",1449,2361,300.364675984752
"1434",1450,176,227.556818181818
"1435",1451,15,3166.66666666667
"1436",1452,251,176.05577689243
"1437",1453,1204,70.0323920265781
"1438",1454,748,156.792780748663
"1439",1455,505,246.009900990099
"1440",1456,165,198.806060606061
"1441",1457,631,91.8431061806656
"1442",1458,110,364.2
"1443",1459,1547,100.831286360698
"1444",1460,588,282.329931972789
"1445",1461,426,146.971830985915
"1446",1462,143,704.020979020979
"1447",1463,991,37.217961654894
"1448",1464,8350,105.645868263473
"1449",1465,1270,96.9645669291339
"1450",1466,7813,93.374760015359
"1451",1467,65,1196.86153846154
"1452",1468,1110,190.198198198198
"1453",1469,50,246.4
"1454",1470,643,410.062208398134
"1455",1471,704,978.100852272727
"1456",1472,960,341.63125
"1457",1473,5539,127.268279472829
"1458",1474,2954,134.822613405552
"1459",1475,446,240.311659192825
"1460",1476,132,890.492424242424
"1461",1477,3030,55.5501650165017
"1462",1478,569,1086.19507908612
"1463",1479,4465,161.737961926092
"1464",1480,123,870.788617886179
"1465",1481,596,208.260067114094
"1466",1482,3463,101.644527866012
"1467",1483,51,587.941176470588
"1468",1484,6666,60.8622862286229
"1469",1485,4304,24.8561802973978
"1470",1486,9,676.666666666667
"1471",1487,17099,26.8075910871981
"1472",1488,455,323.202197802198
"1473",1489,326,288.435582822086
"1474",1490,3,949.333333333333
"1475",1491,45,472.222222222222
"1476",1492,1856,87.1918103448276
"1477",1493,127,912.637795275591
"1478",1494,7078,71.1746256004521
"1479",1495,10341,76.3455178416014
"1480",1496,106,868.632075471698
"1481",1497,4660,250.185836909871
"1482",1498,16,284.6875
"1483",1499,297,926.515151515152
"1484",1500,485,262.309278350515
"1485",1501,6641,32.5026351453094
"1486",1502,567,191.599647266314
"1487",1503,33,562.121212121212
"1488",1504,163,2548.26993865031
"1489",1505,595,124.087394957983
"1490",1506,1840,34.7690217391304
"1491",1507,7523,41.1972617306925
"1492",1508,1053,105.490028490028
"1493",1509,19,2867.73684210526
"1494",1510,2605,144.246065259117
"1495",1511,254,1285.53149606299
"1496",1512,6000,181.195
"1497",1513,20,709.5
"1498",1514,344,111.511627906977
"1499",1515,262,722.557251908397
"1500",1516,217,1031.23041474654
"1501",1518,637,711.638932496075
"1502",1519,46,1039.5
"1503",1520,350,107.774285714286
"1504",1521,697,197.222381635581
"1505",1522,759,26.9169960474308
"1506",1523,14899,14.0553057252165
"1507",1524,6,991.666666666667
"1508",1525,16,1794.8125
"1509",1526,3885,220.90296010296
"1510",1527,546,297.009157509157
"1511",1528,2867,124.000348796652
"1512",1529,1056,348.928977272727
"1513",1530,1,2750
"1514",1531,714,198.859943977591
"1515",1532,2715,121.636095764273
"1516",1533,473,312.845665961945
"1517",1534,4841,44.3239000206569
"1518",1535,5880,174.172789115646
"1519",1537,20,234.45
"1520",1538,379,112.131926121372
"1521",1539,7,4600
"1522",1540,1192,146.953859060403
"1523",1542,2616,107.466360856269
"1524",1543,18,667.166666666667
"1525",1545,1885,304.254641909814
"1526",1546,1600,71.3925
"1527",1547,247,226.234817813765
"1528",1548,10085,102.017055032226
"1529",1549,21,454.047619047619
"1530",1550,666,163.876876876877
"1531",1551,13047,20.115505480187
"1532",1552,1944,250.41975308642
"1533",1553,4408,157.263838475499
"1534",1554,66,136.212121212121
"1535",1555,343,181.384839650146
"1536",1556,917,322.300981461287
"1537",1557,24,696.875
"1538",1558,127,625.511811023622
"1539",1559,135,95.6962962962963
"1540",1560,819,81.8156288156288
"1541",1561,12507,109.190613256576
"1542",1562,762,160.763779527559
"1543",1563,29,4133.93103448276
"1544",1564,4,90
"1545",1565,794,230.725440806045
"1546",1566,6698,56.7082711257092
"1547",1567,144,3017.19444444444
"1548",1568,2,45
"1549",1569,18,2242.88888888889
"1550",1570,13,401.153846153846
"1551",1571,1070,257.206542056075
"1552",1572,317,239.845425867508
"1553",1573,379,158.369393139842
"1554",1574,3115,208.883467094703
"1555",1575,21026,29.5819461618948
"1556",1576,4465,173.38477043673
"1557",1578,2299,97.1852979556329
"1558",1579,3336,236.919064748201
"1559",1580,30,1187.56666666667
"1560",1581,52,66.4423076923077
"1561",1583,248,171.673387096774
"1562",1584,70,182.171428571429
"1563",1585,1493,144.409912926993
"1564",1586,850,675.870588235294
"1565",1587,114,93.5964912280702
"1566",1588,669,342.530642750374
"1567",1589,435,294.305747126437
"1568",1590,109,57.7339449541284
"1569",1591,43,335.744186046512
"1570",1592,3385,131.562186115214
"1571",1593,654,33.2599388379205
"1572",1594,2560,372.424609375
"1573",1595,2064,182.417151162791
"1574",1596,15,865.733333333333
"1575",1597,1786,282.155655095185
"1576",1598,914,191.251641137856
"1577",1599,961,185.582726326743
"1578",1600,2,57750
"1579",1601,4,266.25
"1580",1602,3012,92.4561752988048
"1581",1603,96,51.71875
"1582",1604,1264,419.856803797468
"1583",1605,1,2500
"1584",1606,5963,203.607412376321
"1585",1607,12,1427.91666666667
"1586",1608,4971,52.4323073828204
"1587",1609,46,365.760869565217
"1588",1610,3,75
"1589",1611,390,187.007692307692
"1590",1612,98,168.438775510204
"1591",1613,107,93.9906542056075
"1592",1614,30,1990
"1593",1615,479,237.306889352818
"1594",1616,11361,51.4426546958894
"1595",1617,14,60.7142857142857
"1596",1618,48,1463.54166666667
"1597",1619,658,84.5349544072948
"1598",1620,33,713.333333333333
"1599",1621,6740,25.7939169139466
"1600",1622,104,491.846153846154
"1601",1623,35,1070.85714285714
"1602",1624,9,1286.33333333333
"1603",1625,9,2527.77777777778
"1604",1626,5450,195.15504587156
"1605",1627,2068,155.257736943907
"1606",1628,620,138.501612903226
"1607",1629,6849,247.27887282815
"1608",1630,595,81.6823529411765
"1609",1631,1135,153.562114537445
"1610",1632,165,618.69696969697
"1611",1633,449,114.870824053452
"1612",1634,26,815.384615384615
"1613",1635,486,161.491769547325
"1614",1636,1936,86
"1615",1637,20,1506.2
"1616",1638,89,1657.96629213483
"1617",1639,43,650.116279069767
"1618",1640,241,427.344398340249
"1619",1641,284,153.524647887324
"1620",1642,421,99.9311163895487
"1621",1643,335,274.492537313433
"1622",1644,321,111.947040498442
"1623",1645,60,113.25
"1624",1646,11,412.727272727273
"1625",1647,961,209.577523413111
"1626",1648,26,234.423076923077
"1627",1650,57,7299.56140350877
"1628",1651,889,917.263217097863
"1629",1652,905,306.163535911602
"1630",1653,211,178.317535545024
"1631",1654,982,29.7820773930754
"1632",1655,7,4035.71428571429
"1633",1656,326,236.478527607362
"1634",1657,88,2727.61363636364
"1635",1658,3386,150.279681039575
"1636",1659,14,734.928571428571
"1637",1660,461,695.190889370933
"1638",1661,116,169.26724137931
"1639",1662,1387,46.183850036049
"1640",1663,17,3183.52941176471
"1641",1664,158,457.784810126582
"1642",1665,273,83.996336996337
"1643",1666,978,125.28527607362
"1644",1667,17947,26.1910068535131
"1645",1668,236,571.779661016949
"1646",1669,283,2554.43109540636
"1647",1670,4201,47.5993810997382
"1648",1671,9,977.777777777778
"1649",1672,55,1705.90909090909
"1650",1673,439,68.997722095672
"1651",1674,1233,216.034874290349
"1652",1675,2446,104.989370400654
"1653",1676,3650,192.340547945205
"1654",1677,12875,18.6621359223301
"1655",1678,4327,136.596949387566
"1656",1679,64,1062.5
"1657",1680,642,145.32554517134
"1658",1682,2565,36.9528265107212
"1659",1683,1739,359.005175388154
"1660",1684,6,6780
"1661",1685,4767,29.8334382211034
"1662",1686,30,87.6666666666667
"1663",1687,994,227.692152917505
"1664",1688,262,1006.48854961832
"1665",1689,8432,243.48754743833
"1666",1690,4148,97.4177917068467
"1667",1691,1057,493.862819299905
"1668",1692,6228,48.4572896596018
"1669",1693,4065,118.622632226322
"1670",1694,683,259.415812591508
"1671",1695,4980,165.161646586345
"1672",1696,1299,236.064665127021
"1673",1697,2446,141.348732624693
"1674",1698,453,45.8631346578366
"1675",1699,452,43.0685840707965
"1676",1700,9679,18.6232048765368
"1677",1701,9,4477.77777777778
"1678",1702,121,2116.32231404959
"1679",1703,1652,93.1930992736077
"1680",1704,287,115.780487804878
"1681",1705,29,7016.89655172414
"1682",1706,837,219.273596176822
"1683",1707,1154,119.298093587522
"1684",1708,502,174.336653386454
"1685",1709,1315,95.8007604562738
"1686",1710,353,449.645892351275
"1687",1711,432,331.296296296296
"1688",1712,49,2050.40816326531
"1689",1713,166,385.765060240964
"1690",1714,3713,86.6310261244277
"1691",1715,107,93.1775700934579
"1692",1716,24748,60.250444480362
"1693",1717,540,178.103703703704
"1694",1718,4187,56.1643181275376
"1695",1719,1736,232.211405529954
"1696",1720,54,20.1851851851852
"1697",1721,142,152.845070422535
"1698",1722,199,144.226130653266
"1699",1723,33,645
"1700",1724,396,118.436868686869
"1701",1725,507,1074.65680473373
"1702",1726,612,241.977124183007
"1703",1727,54,416.481481481481
"1704",1728,285,49.1263157894737
"1705",1729,107,45.018691588785
"1706",1730,1245,186.284337349398
"1707",1731,7423,256.558264852486
"1708",1732,573,140.123909249564
"1709",1733,154,63.2597402597403
"1710",1734,21,4211.90476190476
"1711",1735,5288,41.4869515885023
"1712",1736,4526,62.1444984533805
"1713",1737,66,395.606060606061
"1714",1738,3488,119.264048165138
"1715",1739,1330,462.899248120301
"1716",1740,25,5673.64
"1717",1741,314,175.910828025478
"1718",1742,2072,122.415057915058
"1719",1743,419,288.045346062052
"1720",1744,246,140.443089430894
"1721",1745,573,235.453752181501
"1722",1746,745,200.123489932886
"1723",1747,626,95.4313099041534
"1724",1748,4971,91.2218869442768
"1725",1749,1246,82.8138041733547
"1726",1750,9,502.777777777778
"1727",1751,1413,112.253361641897
"1728",1752,1670,87.1173652694611
"1729",1753,3412,147.884818288394
"1730",1754,271,318.092250922509
"1731",1755,332,448.55421686747
"1732",1756,359,57.1448467966574
"1733",1757,28,1696.42857142857
"1734",1758,1928,64.2131742738589
"1735",1759,325,575.307692307692
"1736",1760,97,6530.10309278351
"1737",1761,34,341.029411764706
"1738",1762,9,386.111111111111
"1739",1763,1787,40.6133184107443
"1740",1764,273,336.197802197802
"1741",1765,121,2547.19008264463
"1742",1766,431,241.737819025522
"1743",1767,2258,100.073073516386
"1744",1768,3911,143.654564050115
"1745",1769,1551,614.732430689877
"1746",1770,4199,100.664443915218
"1747",1771,3602,60.1443642420877
"1748",1772,5466,85.5755579948774
"1749",1773,52,1071.53846153846
"1750",1774,38,290.263157894737
"1751",1775,109,419.908256880734
"1752",1776,16,271.3125
"1753",1777,115,306.669565217391
"1754",1778,2551,96.6593492747942
"1755",1779,1499,192.664442961975
"1756",1780,264,206.356060606061
"1757",1781,718,116.477715877437
"1758",1782,1309,170.047364400306
"1759",1783,31,4553.22580645161
"1760",1784,128,980.3125
"1761",1785,594,57.5673400673401
"1762",1786,8642,43.0878268919232
"1763",1787,62,80.3548387096774
"1764",1788,800,470.57625
"1765",1789,26,397
"1766",1790,1609,691.508390304537
"1767",1791,3494,262.094733829422
"1768",1792,28,1659.75
"1769",1793,11289,107.264328107007
"1770",1794,454,1185.82378854626
"1771",1795,10544,125.181240515933
"1772",1796,111,138.486486486486
"1773",1797,82,605.426829268293
"1774",1798,2898,37.9610075914424
"1775",1799,437,441.535469107551
